variante,dtype,M,N,ms,ms_p20,ms_p80,gbs,pct_pico,t_compilacion_s,detalle
triton,fp16,4096,2048,0.1556,0.1548,0.1567,215.6,79.0,0.27,num_warps=8
torch,fp16,4096,2048,0.1597,0.1587,0.1607,210.2,77.0,,
triton,fp16,4096,4096,0.2919,0.2908,0.2939,230.0,84.2,0.01,num_warps=16
torch,fp16,4096,4096,0.3061,0.3049,0.3072,219.2,80.3,,
triton,fp16,4096,8192,0.5694,0.5683,0.5714,235.8,86.4,0.01,num_warps=16
torch,fp16,4096,8192,0.6402,0.6369,0.6451,209.7,76.8,,
triton,fp16,16384,2048,0.5652,0.5641,0.5672,237.5,87.0,0.0,num_warps=8
torch,fp16,16384,2048,0.5734,0.5724,0.5755,234.1,85.8,,
triton,fp16,16384,4096,1.1059,1.1039,1.109,242.7,88.9,0.0,num_warps=16
torch,fp16,16384,4096,1.154,1.151,1.1581,232.6,85.2,,
triton,fp16,16384,8192,2.2098,2.2077,2.2129,243.0,89.0,0.0,num_warps=16
torch,fp16,16384,8192,2.4813,2.4699,2.4914,216.4,79.3,,
triton,bf16,4096,2048,0.1569,0.1566,0.1578,213.9,78.4,0.01,num_warps=8
torch,bf16,4096,2048,0.1588,0.1578,0.1597,211.4,77.4,,
triton,bf16,4096,4096,0.2927,0.2918,0.2939,229.3,84.0,0.01,num_warps=16
torch,bf16,4096,4096,0.3061,0.3051,0.3072,219.2,80.3,,
triton,bf16,4096,8192,0.5685,0.5673,0.5704,236.1,86.5,0.01,num_warps=16
torch,bf16,4096,8192,0.6289,0.6257,0.633,213.4,78.2,,
triton,bf16,16384,2048,0.5673,0.5662,0.5693,236.6,86.7,0.0,num_warps=8
torch,bf16,16384,2048,0.5724,0.5704,0.5744,234.5,85.9,,
triton,bf16,16384,4096,1.1049,1.1029,1.1079,243.0,89.0,0.0,num_warps=16
torch,bf16,16384,4096,1.1479,1.1449,1.1511,233.9,85.7,,
triton,bf16,16384,8192,2.2088,2.2057,2.2118,243.1,89.0,0.0,num_warps=16
torch,bf16,16384,8192,2.4914,2.4842,2.4998,215.5,78.9,,
