maquina,experimento,ejecucion,gpu,driver_nvidia,fecha,variante,dtype,B,H,N_CTX,HEAD_DIM,causal,ms,ms_p20,ms_p80,reloj_mhz,potencia_w,tflops,gbs,reloj_sost_mhz,potencia_sost_w,potencia_reposo_w,mj_llamada,tflops_sost,gflop_j,gflop_j_din,error_rel,t_compilacion_s,detalle
hennessy-energia,run_attention_cutlass,20261008-233621_job20850,NVIDIA GB10,610.57.04,2026-10-08T23:36:21,cutlass,fp16,4,32,4096,128,False,12.3202,12.2741,12.7394,2411.0,90.2,89.24,43.6,2125.0,94.3,14.7,1181.8477,87.73,930.3,1102.1,0.000136,66.01,FlashAttentionForwardAmpere BM=128 BN=128 hilos=256 mma=mma.sync.aligned.m16n8k16.row.col.f32.f16.f16.f32
hennessy-energia,run_attention_cutlass,20261008-233621_job20850,NVIDIA GB10,610.57.04,2026-10-08T23:36:21,sdpa,fp16,4,32,4096,128,False,13.6067,13.5565,14.0987,2125.0,94.1,80.81,39.5,2216.0,94.6,14.7,1300.8514,79.96,845.2,1000.7,,,"void pytorch_flash::flash_fwd_kernel<Flash_fwd_kernel_traits<128, 128, 64, 4, false, false, cutlass::half_t, Flash_kernel_traits<128, 128, 64, 4, cutlass::half_t> >, false, false, false, false, true, true, false, false>(pytorch_flash::Flash_fwd_params)"
hennessy-energia,run_attention_cutlass,20261008-233621_job20850,NVIDIA GB10,610.57.04,2026-10-08T23:36:21,cutlass,fp16,4,32,4096,128,True,6.4547,6.4236,6.6612,2190.5,91.4,85.17,83.2,2119,92.1,14.7,610.9557,82.87,899.8,1070.7,0.000127,61.82,FlashAttentionForwardAmpere BM=128 BN=128 hilos=256 mma=mma.sync.aligned.m16n8k16.row.col.f32.f16.f16.f32
hennessy-energia,run_attention_cutlass,20261008-233621_job20850,NVIDIA GB10,610.57.04,2026-10-08T23:36:21,sdpa,fp16,4,32,4096,128,True,6.8532,6.8154,7.1322,2119.0,89.8,80.22,78.3,2210.0,92.6,14.7,648.1113,78.55,848.2,1008.3,,,"void pytorch_flash::flash_fwd_kernel<Flash_fwd_kernel_traits<128, 128, 64, 4, false, false, cutlass::half_t, Flash_kernel_traits<128, 128, 64, 4, cutlass::half_t> >, false, true, false, false, true, true, false, false>(pytorch_flash::Flash_fwd_params)"
hennessy-energia,run_attention_helion,20261008-234434_job20850,NVIDIA GB10,610.57.04,2026-10-08T23:44:34,helion,fp16,4,32,4096,128,False,13.0703,13.0468,13.5237,2418.0,95.1,84.12,41.1,2132.0,94.7,16.1,1256.296,82.88,875.2,1054.5,0.000439,147.9,"autotune=quick block_sizes=[1,128,32] num_warps=4 num_stages=2 pid_type=flat indexing=['pointer','tensor_descriptor','pointer','pointer'] mma=mma.sync.aligned.m16n8k16.row.col.f32.f16.f16.f32"
hennessy-energia,run_attention_helion,20261008-234434_job20850,NVIDIA GB10,610.57.04,2026-10-08T23:44:34,sdpa,fp16,4,32,4096,128,False,13.6334,13.5315,14.0415,2125.0,94.3,80.65,39.4,2216,94.6,16.1,1297.3147,80.18,847.5,1021.4,,,"void pytorch_flash::flash_fwd_kernel<Flash_fwd_kernel_traits<128, 128, 64, 4, false, false, cutlass::half_t, Flash_kernel_traits<128, 128, 64, 4, cutlass::half_t> >, false, false, false, false, true, true, false, false>(pytorch_flash::Flash_fwd_params)"
hennessy-energia,run_attention_helion,20261008-234434_job20850,NVIDIA GB10,610.57.04,2026-10-08T23:44:34,helion,fp16,4,32,4096,128,True,13.5322,13.5072,13.7704,2418.0,112.6,40.63,39.7,2164,94.0,16.1,1292.8209,39.97,425.2,513.1,0.000382,292.37,"autotune=quick block_sizes=[1,128,32] num_warps=4 num_stages=2 pid_type=flat indexing=['pointer','pointer','tensor_descriptor','tensor_descriptor','pointer'] mma=mma.sync.aligned.m16n8k16.row.col.f32.f16.f16.f32"
hennessy-energia,run_attention_helion,20261008-234434_job20850,NVIDIA GB10,610.57.04,2026-10-08T23:44:34,sdpa,fp16,4,32,4096,128,True,6.8627,6.8221,7.1271,2158.0,93.6,80.11,78.2,2210.0,92.4,16.1,646.1208,78.62,850.9,1030.4,,,"void pytorch_flash::flash_fwd_kernel<Flash_fwd_kernel_traits<128, 128, 64, 4, false, false, cutlass::half_t, Flash_kernel_traits<128, 128, 64, 4, cutlass::half_t> >, false, true, false, false, true, true, false, false>(pytorch_flash::Flash_fwd_params)"
hennessy-energia,run_attention_triton,20261008-234530_job20850,NVIDIA GB10,610.57.04,2026-10-08T23:45:30,triton,fp16,4,32,4096,128,False,12.5336,12.5028,12.5614,2411,17.3,87.72,42.8,2171,94.7,16.6,1203.5148,86.52,913.6,1107.8,0.000376,5.96,BM=128 BN=32 stages=2 num_warps=4 mma=mma.sync.aligned.m16n8k16.row.col.f32.f16.f16.f32
hennessy-energia,run_attention_triton,20261008-234530_job20850,NVIDIA GB10,610.57.04,2026-10-08T23:45:30,sdpa,fp16,4,32,4096,128,False,13.5906,13.5524,14.0337,2171.0,93.5,80.9,39.5,2216,94.6,16.6,1298.7156,80.09,846.6,1026.8,,,"void pytorch_flash::flash_fwd_kernel<Flash_fwd_kernel_traits<128, 128, 64, 4, false, false, cutlass::half_t, Flash_kernel_traits<128, 128, 64, 4, cutlass::half_t> >, false, false, false, false, true, true, false, false>(pytorch_flash::Flash_fwd_params)"
hennessy-energia,run_attention_triton,20261008-234530_job20850,NVIDIA GB10,610.57.04,2026-10-08T23:45:30,triton,fp16,4,32,4096,128,True,6.8368,6.7993,7.1939,2216,94.4,80.41,78.5,2203,92.2,16.6,644.0733,78.7,853.6,1041.0,0.00026,0.01,BM=128 BN=32 stages=2 num_warps=4 mma=mma.sync.aligned.m16n8k16.row.col.f32.f16.f16.f32
hennessy-energia,run_attention_triton,20261008-234530_job20850,NVIDIA GB10,610.57.04,2026-10-08T23:45:30,sdpa,fp16,4,32,4096,128,True,6.8798,6.8325,7.1371,2203,91.8,79.91,78.0,2216,92.7,16.6,646.0373,78.88,851.0,1036.6,,,"void pytorch_flash::flash_fwd_kernel<Flash_fwd_kernel_traits<128, 128, 64, 4, false, false, cutlass::half_t, Flash_kernel_traits<128, 128, 64, 4, cutlass::half_t> >, false, true, false, false, true, true, false, false>(pytorch_flash::Flash_fwd_params)"
