maquina,experimento,ejecucion,gpu,driver_nvidia,fecha,dtype,M,N,K,BLOCK_SIZE_M,BLOCK_SIZE_N,BLOCK_SIZE_K,GROUP_SIZE_M,num_warps,num_stages,autotune_s,triton_ms,triton_ms_p20,triton_ms_p80,triton_reloj_mhz,triton_potencia_w,triton_tflops,triton_gbs,triton_reloj_sost_mhz,triton_potencia_sost_w,triton_potencia_reposo_w,triton_mj_llamada,triton_tflops_sost,triton_gflop_j,triton_gflop_j_din,cublas_ms,cublas_ms_p20,cublas_ms_p80,cublas_reloj_mhz,cublas_potencia_w,cublas_tflops,cublas_gbs,cublas_reloj_sost_mhz,cublas_potencia_sost_w,cublas_potencia_reposo_w,cublas_mj_llamada,cublas_tflops_sost,cublas_gflop_j,cublas_gflop_j_din,triton_mma,cublas_kernel,variante,ms,ms_p20,ms_p80,reloj_mhz,potencia_w,tflops,gbs,reloj_sost_mhz,potencia_sost_w,potencia_reposo_w,mj_llamada,tflops_sost,gflop_j,gflop_j_din,t_compilacion_s,detalle,carga,error_rel,mma,usa_tma
hennessy-energia,run_matmul,20261008-233055_job20849,NVIDIA GB10,610.57.04,2026-10-08T23:30:55,fp16,8192,8192,8192,128,256,64,8,8,3,14.0,12.5405,12.1143,12.6445,2411.0,111.6,87.68,32.1,2158.0,88.4,16.9,1078.3892,90.13,1019.6,1260.6,11.9798,11.8714,12.5422,2151,88.2,91.78,33.6,2086,87.6,16.9,1046.0327,92.08,1051.1,1302.4,mma.sync.aligned.m16n8k16.row.col.f32.f16.f16.f32,nvjet_sm121_hsh_mma_128x208x64_2_32x104x64_tmaAB_bz_NNNN,,,,,,,,,,,,,,,,,,,,,
hennessy-energia,run_matmul_cutlass,20261008-232215_job20849,NVIDIA GB10,610.57.04,2026-10-08T23:22:15,fp16,8192,8192,8192,,,,,,,,,,,,,,,,,,,,,,,,,,,,,,,,,,,,,,cutlass,45.0278,44.6337,45.2403,2424.0,12.0,24.42,8.9,2427.5,42.7,11.9,1918.251,24.47,573.2,794.6,0.71,Sm120GemmKernel tile=128x128x64,,,,
hennessy-energia,run_matmul_cutlass,20261008-232215_job20849,NVIDIA GB10,610.57.04,2026-10-08T23:22:15,fp16,8192,8192,8192,,,,,,,,,,,,,,,,,,,,,,,,,,,,,,,,,,,,,,cublas,11.4831,11.4166,12.0267,2424.0,43.0,95.75,35.1,2151,90.8,11.9,1051.4548,94.95,1045.7,1203.4,,nvjet_sm121_hsh_mma_128x208x64_2_32x104x64_tmaAB_bz_NNNN,,,,
hennessy-energia,run_matmul_fp8,20261008-233014_job20849,NVIDIA GB10,610.57.04,2026-10-08T23:30:14,,8192,8192,8192,128,256,64,8,8,3,,,,,,,,,,,,,,,,,,,,,,,,,,,,,,,,fp16,12.1361,12.065,12.5801,2476,88.3,90.6,33.2,2177.0,89.3,16.1,1086.3516,90.38,1012.1,1234.7,,,cp.async,0.00021,mma.sync.aligned.m16n8k16.row.col.f32.f16.f16.f32,
hennessy-energia,run_matmul_fp8,20261008-233014_job20849,NVIDIA GB10,610.57.04,2026-10-08T23:30:14,,8192,8192,8192,256,128,128,8,8,3,,,,,,,,,,,,,,,,,,,,,,,,,,,,,,,,fp8,7.5535,7.5305,7.5803,2457,91.8,145.56,35.5,2138.0,90.1,16.1,693.3502,142.88,1585.8,1930.8,,,cp.async,0.03753,mma.sync.aligned.m16n8k32.row.col.f32.e4m3.e4m3.f32,
hennessy-energia,run_matmul_fp8,20261008-233014_job20849,NVIDIA GB10,610.57.04,2026-10-08T23:30:14,,8192,8192,8192,128,256,128,8,8,3,,,,,,,,,,,,,,,,,,,,,,,,,,,,,,,,fp8_tma,7.3144,7.2954,7.6698,2483,39.3,150.32,36.7,2158,90.4,16.1,674.8884,147.28,1629.2,1982.2,,,TMA,0.03753,mma.sync.aligned.m16n8k32.row.col.f32.e4m3.e4m3.f32,
hennessy-energia,run_matmul_fp8,20261008-233014_job20849,NVIDIA GB10,610.57.04,2026-10-08T23:30:14,,8192,8192,8192,,,,,,,,,,,,,,,,,,,,,,,,,,,,,,,,,,,,,,fp8_cublas,5.9822,5.9336,6.126,2158,90.8,183.8,44.9,2112,89.5,16.1,539.8914,182.27,2036.5,2483.2,,,cublasLt,0.03753,cublasLt,
hennessy-energia,run_matmul_gluon,20261008-232352_job20849,NVIDIA GB10,610.57.04,2026-10-08T23:23:52,fp16,8192,8192,8192,,,,,,,,,,,,,,,,,,,,,,,,,,,,,,,,,,,,,,gluon,14.3893,14.2569,14.7519,2411.0,105.1,76.41,28.0,2158.0,88.3,12.7,1277.6665,75.99,860.6,1005.1,69.52,BM=128 BN=128 BK=32 stages=3 warps=2x2 mma=mma.sync.aligned.m16n8k16.row.col.f32.f16.f16.f32,,,,
hennessy-energia,run_matmul_gluon,20261008-232352_job20849,NVIDIA GB10,610.57.04,2026-10-08T23:23:52,fp16,8192,8192,8192,,,,,,,,,,,,,,,,,,,,,,,,,,,,,,,,,,,,,,cublas,11.7228,11.6911,12.3175,2158.0,87.9,93.79,34.3,2086,88.0,12.7,1037.6818,93.24,1059.6,1238.3,,nvjet_sm121_hsh_mma_128x208x64_2_32x104x64_tmaAB_bz_NNNN,,,,
hennessy-energia,run_matmul_tma,20261008-233324_job20849,NVIDIA GB10,610.57.04,2026-10-08T23:33:24,fp16,8192,8192,8192,128,256,64,8,8,3,13.8,,,,,,,,,,,,,,,,,,,,,,,,,,,,,,,baseline,12.6313,12.1885,12.716,2255.0,92.1,87.05,31.9,2158.0,88.3,17.0,1078.9347,89.98,1019.1,1262.0,,,cp.async,,mma.sync.aligned.m16n8k16.row.col.f32.f16.f16.f32,False
hennessy-energia,run_matmul_tma,20261008-233324_job20849,NVIDIA GB10,610.57.04,2026-10-08T23:33:24,fp16,8192,8192,8192,128,256,64,8,8,3,35.0,,,,,,,,,,,,,,,,,,,,,,,,,,,,,,,blockptr,11.9829,11.9518,12.5148,2268,87.7,91.76,33.6,2125,87.9,17.0,1061.2757,91.07,1036.0,1284.4,,,cp.async,,mma.sync.aligned.m16n8k16.row.col.f32.f16.f16.f32,False
hennessy-energia,run_matmul_tma,20261008-233324_job20849,NVIDIA GB10,610.57.04,2026-10-08T23:33:24,fp16,8192,8192,8192,128,128,32,8,4,4,64.5,,,,,,,,,,,,,,,,,,,,,,,,,,,,,,,tma,11.5865,11.5614,11.6543,2242.0,86.0,94.9,34.8,2047,88.0,17.0,1033.3169,93.64,1064.1,1318.8,,,TMA,,mma.sync.aligned.m16n8k16.row.col.f32.f16.f16.f32,True
