maquina,experimento,ejecucion,gpu,driver_nvidia,fecha,variante,dtype,M,N,ms,ms_p20,ms_p80,reloj_mhz,potencia_w,gbs,reloj_sost_mhz,potencia_sost_w,potencia_reposo_w,mj_llamada,gbs_sost,gb_j,gb_j_din,pct_pico,t_compilacion_s,detalle
hennessy-energia,run_rmsnorm_cutlass,20261008-234718_job20851,NVIDIA GB10,610.57.04,2026-10-08T23:47:18,cutlass,fp16,16384,8192,2.1749,2.1699,2.1821,2411.0,22.6,246.9,2502.0,41.4,13.7,89.413,248.6,6.0,8.97,90.4,55.3,rmsnorm_twoPassAlgo_e8
hennessy-energia,run_rmsnorm_cutlass,20261008-234718_job20851,NVIDIA GB10,610.57.04,2026-10-08T23:47:18,torch,fp16,16384,8192,2.4848,2.475,2.4934,2502.0,41.6,216.1,2437,34.4,13.7,85.2705,216.6,6.3,10.46,79.2,,
hennessy-energia,run_rmsnorm_cutlass,20261008-234718_job20851,NVIDIA GB10,610.57.04,2026-10-08T23:47:18,cutlass,bf16,16384,8192,2.3655,2.3589,2.3726,2431.0,34.5,227.0,2502,49.0,13.7,114.7233,229.3,4.68,6.5,83.2,0.0,rmsnorm_twoPassAlgo_e1
hennessy-energia,run_rmsnorm_cutlass,20261008-234718_job20851,NVIDIA GB10,610.57.04,2026-10-08T23:47:18,torch,bf16,16384,8192,2.4812,2.471,2.49,2502.0,34.0,216.4,2437,34.6,13.7,85.3064,217.8,6.29,10.42,79.3,,
hennessy-energia,run_rmsnorm_gluon,20261008-234806_job20851,NVIDIA GB10,610.57.04,2026-10-08T23:48:06,gluon,fp16,16384,8192,2.2169,2.2118,2.2262,2502,26.3,242.2,2502,38.3,14.3,84.3192,243.9,6.37,10.16,88.7,0.25,num_warps=16 vec=8
hennessy-energia,run_rmsnorm_gluon,20261008-234806_job20851,NVIDIA GB10,610.57.04,2026-10-08T23:48:06,torch,fp16,16384,8192,2.476,2.469,2.4852,2502,38.4,216.8,2437.0,34.9,14.3,86.526,216.6,6.2,10.51,79.4,,
hennessy-energia,run_rmsnorm_gluon,20261008-234806_job20851,NVIDIA GB10,610.57.04,2026-10-08T23:48:06,gluon,bf16,16384,8192,2.2159,2.2108,2.2241,2431.0,35.2,242.3,2502,38.3,14.3,84.3158,243.9,6.37,10.16,88.8,0.0,num_warps=16 vec=8
hennessy-energia,run_rmsnorm_gluon,20261008-234806_job20851,NVIDIA GB10,610.57.04,2026-10-08T23:48:06,torch,bf16,16384,8192,2.497,2.4881,2.5078,2489,34.1,215.0,2437,34.9,14.3,86.5129,216.6,6.21,10.51,78.8,,
hennessy-energia,run_rmsnorm_helion,20261008-235133_job20851,NVIDIA GB10,610.57.04,2026-10-08T23:51:33,helion,fp16,16384,8192,2.17,2.1648,2.177,2411,36.3,247.4,2483.0,38.3,15.8,82.5864,249.0,6.5,11.07,90.6,75.21,"autotune=quick block_sizes=[1] num_warps=32 num_stages=6 pid_type=flat indexing=['pointer','pointer','tensor_descriptor','pointer','tensor_descriptor','pointer','pointer']"
hennessy-energia,run_rmsnorm_helion,20261008-235133_job20851,NVIDIA GB10,610.57.04,2026-10-08T23:51:33,torch,fp16,16384,8192,2.4761,2.4689,2.4852,2483,34.8,216.8,2431.0,36.6,15.8,90.5826,216.9,5.93,10.43,79.4,,
hennessy-energia,run_rmsnorm_helion,20261008-235133_job20851,NVIDIA GB10,610.57.04,2026-10-08T23:51:33,helion,bf16,16384,8192,2.1688,2.163,2.1749,2411.0,20.8,247.5,2483,38.5,15.8,82.9856,249.1,6.47,10.97,90.7,77.85,"autotune=quick block_sizes=[1] num_warps=32 num_stages=3 pid_type=flat indexing=['pointer','pointer','pointer','tensor_descriptor','pointer','pointer','pointer']"
hennessy-energia,run_rmsnorm_helion,20261008-235133_job20851,NVIDIA GB10,610.57.04,2026-10-08T23:51:33,torch,bf16,16384,8192,2.4853,2.4781,2.4924,2483.0,38.6,216.0,2431,36.6,15.8,90.4025,217.4,5.94,10.45,79.1,,
hennessy-energia,run_rmsnorm_triton,20261008-235224_job20851,NVIDIA GB10,610.57.04,2026-10-08T23:52:24,triton,fp16,16384,8192,2.2149,2.2108,2.2231,2418,24.7,242.4,2502,39.2,14.9,86.2439,244.0,6.23,10.04,88.8,0.27,num_warps=16
hennessy-energia,run_rmsnorm_triton,20261008-235224_job20851,NVIDIA GB10,610.57.04,2026-10-08T23:52:24,torch,fp16,16384,8192,2.4863,2.4781,2.4965,2483.0,39.4,215.9,2437,36.5,14.9,90.2264,217.2,5.95,10.06,79.1,,
hennessy-energia,run_rmsnorm_triton,20261008-235224_job20851,NVIDIA GB10,610.57.04,2026-10-08T23:52:24,triton,bf16,16384,8192,2.217,2.2115,2.2236,2431,36.8,242.2,2483,38.9,14.9,85.6137,243.9,6.27,10.16,88.7,0.0,num_warps=16
hennessy-energia,run_rmsnorm_triton,20261008-235224_job20851,NVIDIA GB10,610.57.04,2026-10-08T23:52:24,torch,bf16,16384,8192,2.4758,2.4678,2.4844,2483.0,35.2,216.9,2431,36.2,14.9,89.222,217.8,6.02,10.23,79.5,,
