maquina,experimento,ejecucion,gpu,driver_nvidia,fecha,variante,dtype,B,H,N_CTX,HEAD_DIM,causal,ms,ms_p20,ms_p80,tflops,gbs,error_rel,t_compilacion_s,detalle
pascal,run_attention_cutlass,20261004-222048_job20648,NVIDIA GeForce RTX 5090,610.43.02,2026-10-04T22:20:48,cutlass,fp16,4,32,1024,64,False,0.2376,0.2355,0.2376,144.63,282.5,0.000167,5.49,FlashAttentionForwardAmpere BM=64 BN=64 hilos=128 mma=mma.sync.aligned.m16n8k16.row.col.f32.f16.f16.f32
pascal,run_attention_cutlass,20261004-222048_job20648,NVIDIA GeForce RTX 5090,610.43.02,2026-10-04T22:20:48,sdpa,fp16,4,32,1024,64,False,0.256,0.255,0.2561,134.22,262.1,,,"void pytorch_flash::flash_fwd_kernel<Flash_fwd_kernel_traits<64, 128, 128, 4, false, false, cutlass::half_t, Flash_kernel_traits<64, 128, 128, 4, cutlass::half_t> >, false, false, false, false, true, true, false, false>(pytorch_flash::Flash_fwd_params)"
pascal,run_attention_cutlass,20261004-222048_job20648,NVIDIA GeForce RTX 5090,610.43.02,2026-10-04T22:20:48,cutlass,fp16,4,32,4096,64,False,3.3608,3.3536,3.3679,163.58,79.9,0.000136,5.08,FlashAttentionForwardAmpere BM=64 BN=64 hilos=128 mma=mma.sync.aligned.m16n8k16.row.col.f32.f16.f16.f32
pascal,run_attention_cutlass,20261004-222048_job20648,NVIDIA GeForce RTX 5090,610.43.02,2026-10-04T22:20:48,sdpa,fp16,4,32,4096,64,False,3.4794,3.4763,3.4846,158.0,77.1,,,"void pytorch_flash::flash_fwd_kernel<Flash_fwd_kernel_traits<64, 128, 128, 4, false, false, cutlass::half_t, Flash_kernel_traits<64, 128, 128, 4, cutlass::half_t> >, false, false, false, false, true, true, false, false>(pytorch_flash::Flash_fwd_params)"
pascal,run_attention_cutlass,20261004-222048_job20648,NVIDIA GeForce RTX 5090,610.43.02,2026-10-04T22:20:48,cutlass,fp16,4,32,16384,64,False,52.5558,52.5429,52.583,167.37,20.4,0.000108,7.75,FlashAttentionForwardAmpere BM=64 BN=64 hilos=128 mma=mma.sync.aligned.m16n8k16.row.col.f32.f16.f16.f32
pascal,run_attention_cutlass,20261004-222048_job20648,NVIDIA GeForce RTX 5090,610.43.02,2026-10-04T22:20:48,sdpa,fp16,4,32,16384,64,False,53.761,53.7235,53.7907,163.61,20.0,,,"void pytorch_flash::flash_fwd_kernel<Flash_fwd_kernel_traits<64, 128, 128, 4, false, false, cutlass::half_t, Flash_kernel_traits<64, 128, 128, 4, cutlass::half_t> >, false, false, false, false, true, true, false, false>(pytorch_flash::Flash_fwd_params)"
pascal,run_attention_cutlass,20261004-222048_job20648,NVIDIA GeForce RTX 5090,610.43.02,2026-10-04T22:20:48,cutlass,fp16,4,32,1024,64,True,0.154,0.152,0.1561,111.52,435.6,1e-05,5.46,FlashAttentionForwardAmpere BM=64 BN=128 hilos=128 mma=mma.sync.aligned.m16n8k16.row.col.f32.f16.f16.f32
pascal,run_attention_cutlass,20261004-222048_job20648,NVIDIA GeForce RTX 5090,610.43.02,2026-10-04T22:20:48,sdpa,fp16,4,32,1024,64,True,0.172,0.1699,0.1741,99.86,390.1,,,"void pytorch_flash::flash_fwd_kernel<Flash_fwd_kernel_traits<64, 128, 128, 4, false, false, cutlass::half_t, Flash_kernel_traits<64, 128, 128, 4, cutlass::half_t> >, false, true, false, false, true, true, false, false>(pytorch_flash::Flash_fwd_params)"
pascal,run_attention_cutlass,20261004-222048_job20648,NVIDIA GeForce RTX 5090,610.43.02,2026-10-04T22:20:48,cutlass,fp16,4,32,4096,64,True,1.7874,1.7781,1.7996,153.79,150.2,0.000126,5.55,FlashAttentionForwardAmpere BM=64 BN=64 hilos=128 mma=mma.sync.aligned.m16n8k16.row.col.f32.f16.f16.f32
pascal,run_attention_cutlass,20261004-222048_job20648,NVIDIA GeForce RTX 5090,610.43.02,2026-10-04T22:20:48,sdpa,fp16,4,32,4096,64,True,1.8831,1.8702,1.8934,145.97,142.5,,,"void pytorch_flash::flash_fwd_kernel<Flash_fwd_kernel_traits<64, 128, 128, 4, false, false, cutlass::half_t, Flash_kernel_traits<64, 128, 128, 4, cutlass::half_t> >, false, true, false, false, true, true, false, false>(pytorch_flash::Flash_fwd_params)"
pascal,run_attention_cutlass,20261004-222048_job20648,NVIDIA GeForce RTX 5090,610.43.02,2026-10-04T22:20:48,cutlass,fp16,4,32,16384,64,True,26.787,26.7372,26.8138,164.19,40.1,0.000126,6.66,FlashAttentionForwardAmpere BM=64 BN=64 hilos=128 mma=mma.sync.aligned.m16n8k16.row.col.f32.f16.f16.f32
pascal,run_attention_cutlass,20261004-222048_job20648,NVIDIA GeForce RTX 5090,610.43.02,2026-10-04T22:20:48,sdpa,fp16,4,32,16384,64,True,27.5087,27.4459,27.5319,159.88,39.0,,,"void pytorch_flash::flash_fwd_kernel<Flash_fwd_kernel_traits<64, 128, 128, 4, false, false, cutlass::half_t, Flash_kernel_traits<64, 128, 128, 4, cutlass::half_t> >, false, true, false, false, true, true, false, false>(pytorch_flash::Flash_fwd_params)"
pascal,run_attention_cutlass,20261004-222048_job20648,NVIDIA GeForce RTX 5090,610.43.02,2026-10-04T22:20:48,cutlass,fp16,4,32,1024,128,False,0.4674,0.4674,0.4685,147.02,287.1,1.9e-05,7.71,FlashAttentionForwardAmpere BM=64 BN=64 hilos=128 mma=mma.sync.aligned.m16n8k16.row.col.f32.f16.f16.f32
pascal,run_attention_cutlass,20261004-222048_job20648,NVIDIA GeForce RTX 5090,610.43.02,2026-10-04T22:20:48,sdpa,fp16,4,32,1024,128,False,0.5499,0.5489,0.5509,124.97,244.1,,,"void pytorch_flash::flash_fwd_kernel<Flash_fwd_kernel_traits<128, 128, 64, 4, false, false, cutlass::half_t, Flash_kernel_traits<128, 128, 64, 4, cutlass::half_t> >, false, false, false, false, true, true, false, false>(pytorch_flash::Flash_fwd_params)"
pascal,run_attention_cutlass,20261004-222048_job20648,NVIDIA GeForce RTX 5090,610.43.02,2026-10-04T22:20:48,cutlass,fp16,4,32,4096,128,False,6.8659,6.8597,6.8779,160.14,78.2,3e-05,7.87,FlashAttentionForwardAmpere BM=64 BN=64 hilos=128 mma=mma.sync.aligned.m16n8k16.row.col.f32.f16.f16.f32
pascal,run_attention_cutlass,20261004-222048_job20648,NVIDIA GeForce RTX 5090,610.43.02,2026-10-04T22:20:48,sdpa,fp16,4,32,4096,128,False,7.4577,7.4557,7.4588,147.43,72.0,,,"void pytorch_flash::flash_fwd_kernel<Flash_fwd_kernel_traits<128, 128, 64, 4, false, false, cutlass::half_t, Flash_kernel_traits<128, 128, 64, 4, cutlass::half_t> >, false, false, false, false, true, true, false, false>(pytorch_flash::Flash_fwd_params)"
pascal,run_attention_cutlass,20261004-222048_job20648,NVIDIA GeForce RTX 5090,610.43.02,2026-10-04T22:20:48,cutlass,fp16,4,32,16384,128,False,106.8513,106.8296,106.8587,164.64,20.1,0.000107,13.79,FlashAttentionForwardAmpere BM=128 BN=128 hilos=256 mma=mma.sync.aligned.m16n8k16.row.col.f32.f16.f16.f32
pascal,run_attention_cutlass,20261004-222048_job20648,NVIDIA GeForce RTX 5090,610.43.02,2026-10-04T22:20:48,sdpa,fp16,4,32,16384,128,False,114.8539,114.848,114.8615,153.17,18.7,,,"void pytorch_flash::flash_fwd_kernel<Flash_fwd_kernel_traits<128, 128, 64, 4, false, false, cutlass::half_t, Flash_kernel_traits<128, 128, 64, 4, cutlass::half_t> >, false, false, false, false, true, true, false, false>(pytorch_flash::Flash_fwd_params)"
pascal,run_attention_cutlass,20261004-222048_job20648,NVIDIA GeForce RTX 5090,610.43.02,2026-10-04T22:20:48,cutlass,fp16,4,32,1024,128,True,0.2785,0.2751,0.2816,123.36,481.9,1.1e-05,8.59,FlashAttentionForwardAmpere BM=64 BN=64 hilos=128 mma=mma.sync.aligned.m16n8k16.row.col.f32.f16.f16.f32
pascal,run_attention_cutlass,20261004-222048_job20648,NVIDIA GeForce RTX 5090,610.43.02,2026-10-04T22:20:48,sdpa,fp16,4,32,1024,128,True,0.3277,0.3257,0.3287,104.86,409.6,,,"void pytorch_flash::flash_fwd_kernel<Flash_fwd_kernel_traits<128, 128, 64, 4, false, false, cutlass::half_t, Flash_kernel_traits<128, 128, 64, 4, cutlass::half_t> >, false, true, false, false, true, true, false, false>(pytorch_flash::Flash_fwd_params)"
pascal,run_attention_cutlass,20261004-222048_job20648,NVIDIA GeForce RTX 5090,610.43.02,2026-10-04T22:20:48,cutlass,fp16,4,32,4096,128,True,3.5558,3.5455,3.5663,154.61,151.0,1.4e-05,8.63,FlashAttentionForwardAmpere BM=64 BN=64 hilos=128 mma=mma.sync.aligned.m16n8k16.row.col.f32.f16.f16.f32
pascal,run_attention_cutlass,20261004-222048_job20648,NVIDIA GeForce RTX 5090,610.43.02,2026-10-04T22:20:48,sdpa,fp16,4,32,4096,128,True,3.9055,3.8994,3.9096,140.76,137.5,,,"void pytorch_flash::flash_fwd_kernel<Flash_fwd_kernel_traits<128, 128, 64, 4, false, false, cutlass::half_t, Flash_kernel_traits<128, 128, 64, 4, cutlass::half_t> >, false, true, false, false, true, true, false, false>(pytorch_flash::Flash_fwd_params)"
pascal,run_attention_cutlass,20261004-222048_job20648,NVIDIA GeForce RTX 5090,610.43.02,2026-10-04T22:20:48,cutlass,fp16,4,32,16384,128,True,54.2351,54.1995,54.2826,162.18,39.6,2e-05,11.43,FlashAttentionForwardAmpere BM=64 BN=64 hilos=128 mma=mma.sync.aligned.m16n8k16.row.col.f32.f16.f16.f32
pascal,run_attention_cutlass,20261004-222048_job20648,NVIDIA GeForce RTX 5090,610.43.02,2026-10-04T22:20:48,sdpa,fp16,4,32,16384,128,True,57.6947,57.6891,57.7001,152.46,37.2,,,"void pytorch_flash::flash_fwd_kernel<Flash_fwd_kernel_traits<128, 128, 64, 4, false, false, cutlass::half_t, Flash_kernel_traits<128, 128, 64, 4, cutlass::half_t> >, false, true, false, false, true, true, false, false>(pytorch_flash::Flash_fwd_params)"
pascal,run_attention_helion,20261004-224724_job20648,NVIDIA GeForce RTX 5090,610.43.02,2026-10-04T22:47:24,helion,fp16,4,32,1024,64,False,0.2637,0.2633,0.2652,130.28,254.4,0.000433,65.13,"autotune=quick block_sizes=[1,32,32] num_warps=1 num_stages=2 pid_type=flat indexing=['tensor_descriptor','pointer','pointer','pointer'] mma=mma.sync.aligned.m16n8k16.row.col.f32.f16.f16.f32"
pascal,run_attention_helion,20261004-224724_job20648,NVIDIA GeForce RTX 5090,610.43.02,2026-10-04T22:47:24,sdpa,fp16,4,32,1024,64,False,0.2539,0.2538,0.2542,135.32,264.3,,,"void pytorch_flash::flash_fwd_kernel<Flash_fwd_kernel_traits<64, 128, 128, 4, false, false, cutlass::half_t, Flash_kernel_traits<64, 128, 128, 4, cutlass::half_t> >, false, false, false, false, true, true, false, false>(pytorch_flash::Flash_fwd_params)"
pascal,run_attention_helion,20261004-224724_job20648,NVIDIA GeForce RTX 5090,610.43.02,2026-10-04T22:47:24,helion,fp16,4,32,4096,64,False,3.4063,3.4046,3.4094,161.4,78.8,0.000442,46.35,"autotune=quick block_sizes=[1,64,32] num_warps=4 num_stages=2 pid_type=flat indexing=['tensor_descriptor','pointer','tensor_descriptor','tensor_descriptor'] mma=mma.sync.aligned.m16n8k16.row.col.f32.f16.f16.f32"
pascal,run_attention_helion,20261004-224724_job20648,NVIDIA GeForce RTX 5090,610.43.02,2026-10-04T22:47:24,sdpa,fp16,4,32,4096,64,False,3.4762,3.4744,3.4785,158.15,77.2,,,"void pytorch_flash::flash_fwd_kernel<Flash_fwd_kernel_traits<64, 128, 128, 4, false, false, cutlass::half_t, Flash_kernel_traits<64, 128, 128, 4, cutlass::half_t> >, false, false, false, false, true, true, false, false>(pytorch_flash::Flash_fwd_params)"
pascal,run_attention_helion,20261004-224724_job20648,NVIDIA GeForce RTX 5090,610.43.02,2026-10-04T22:47:24,helion,fp16,4,32,16384,64,False,52.6653,52.6531,52.694,167.02,20.4,0.000449,193.46,"autotune=quick block_sizes=[1,128,64] num_warps=4 num_stages=2 pid_type=flat indexing=['tensor_descriptor','tensor_descriptor','tensor_descriptor','tensor_descriptor'] mma=mma.sync.aligned.m16n8k16.row.col.f32.f16.f16.f32"
pascal,run_attention_helion,20261004-224724_job20648,NVIDIA GeForce RTX 5090,610.43.02,2026-10-04T22:47:24,sdpa,fp16,4,32,16384,64,False,53.7119,53.6857,53.7367,163.76,20.0,,,"void pytorch_flash::flash_fwd_kernel<Flash_fwd_kernel_traits<64, 128, 128, 4, false, false, cutlass::half_t, Flash_kernel_traits<64, 128, 128, 4, cutlass::half_t> >, false, false, false, false, true, true, false, false>(pytorch_flash::Flash_fwd_params)"
pascal,run_attention_helion,20261004-224724_job20648,NVIDIA GeForce RTX 5090,610.43.02,2026-10-04T22:47:24,helion,fp16,4,32,1024,64,True,0.2397,0.2391,0.241,71.67,280.0,0.000373,68.46,"autotune=quick block_sizes=[1,64,64] num_warps=4 num_stages=2 pid_type=flat indexing=['pointer','pointer','pointer','pointer','pointer'] mma=mma.sync.aligned.m16n8k16.row.col.f32.f16.f16.f32"
pascal,run_attention_helion,20261004-224724_job20648,NVIDIA GeForce RTX 5090,610.43.02,2026-10-04T22:47:24,sdpa,fp16,4,32,1024,64,True,0.1721,0.1699,0.1756,99.83,390.0,,,"void pytorch_flash::flash_fwd_kernel<Flash_fwd_kernel_traits<64, 128, 128, 4, false, false, cutlass::half_t, Flash_kernel_traits<64, 128, 128, 4, cutlass::half_t> >, false, true, false, false, true, true, false, false>(pytorch_flash::Flash_fwd_params)"
pascal,run_attention_helion,20261004-224724_job20648,NVIDIA GeForce RTX 5090,610.43.02,2026-10-04T22:47:24,helion,fp16,4,32,4096,64,True,3.4237,3.4196,3.4309,80.29,78.4,0.000384,53.54,"autotune=quick block_sizes=[1,64,64] num_warps=4 num_stages=2 pid_type=flat indexing=['pointer','pointer','tensor_descriptor','pointer','pointer'] mma=mma.sync.aligned.m16n8k16.row.col.f32.f16.f16.f32"
pascal,run_attention_helion,20261004-224724_job20648,NVIDIA GeForce RTX 5090,610.43.02,2026-10-04T22:47:24,sdpa,fp16,4,32,4096,64,True,1.8831,1.873,1.8933,145.97,142.5,,,"void pytorch_flash::flash_fwd_kernel<Flash_fwd_kernel_traits<64, 128, 128, 4, false, false, cutlass::half_t, Flash_kernel_traits<64, 128, 128, 4, cutlass::half_t> >, false, true, false, false, true, true, false, false>(pytorch_flash::Flash_fwd_params)"
pascal,run_attention_helion,20261004-224724_job20648,NVIDIA GeForce RTX 5090,610.43.02,2026-10-04T22:47:24,helion,fp16,4,32,16384,64,True,57.2672,57.2314,57.2903,76.8,18.7,0.000397,128.37,"autotune=quick block_sizes=[1,32,16] num_warps=1 num_stages=2 pid_type=flat indexing=['pointer','pointer','pointer','pointer','pointer'] mma=mma.sync.aligned.m16n8k16.row.col.f32.f16.f16.f32"
pascal,run_attention_helion,20261004-224724_job20648,NVIDIA GeForce RTX 5090,610.43.02,2026-10-04T22:47:24,sdpa,fp16,4,32,16384,64,True,27.4739,27.4467,27.5413,160.08,39.1,,,"void pytorch_flash::flash_fwd_kernel<Flash_fwd_kernel_traits<64, 128, 128, 4, false, false, cutlass::half_t, Flash_kernel_traits<64, 128, 128, 4, cutlass::half_t> >, false, true, false, false, true, true, false, false>(pytorch_flash::Flash_fwd_params)"
pascal,run_attention_helion,20261004-224724_job20648,NVIDIA GeForce RTX 5090,610.43.02,2026-10-04T22:47:24,helion,fp16,4,32,1024,128,False,0.5299,0.5288,0.5329,129.69,253.3,0.00043,57.14,"autotune=quick block_sizes=[1,32,16] num_warps=1 num_stages=2 pid_type=flat indexing=['tensor_descriptor','pointer','pointer','pointer'] mma=mma.sync.aligned.m16n8k16.row.col.f32.f16.f16.f32"
pascal,run_attention_helion,20261004-224724_job20648,NVIDIA GeForce RTX 5090,610.43.02,2026-10-04T22:47:24,sdpa,fp16,4,32,1024,128,False,0.5505,0.549,0.551,124.84,243.8,,,"void pytorch_flash::flash_fwd_kernel<Flash_fwd_kernel_traits<128, 128, 64, 4, false, false, cutlass::half_t, Flash_kernel_traits<128, 128, 64, 4, cutlass::half_t> >, false, false, false, false, true, true, false, false>(pytorch_flash::Flash_fwd_params)"
pascal,run_attention_helion,20261004-224724_job20648,NVIDIA GeForce RTX 5090,610.43.02,2026-10-04T22:47:24,helion,fp16,4,32,4096,128,False,7.5896,7.5832,7.5955,144.87,70.7,0.00044,78.07,"autotune=quick block_sizes=[1,32,32] num_warps=1 num_stages=1 pid_type=flat indexing=['pointer','pointer','pointer','tensor_descriptor'] mma=mma.sync.aligned.m16n8k16.row.col.f32.f16.f16.f32"
pascal,run_attention_helion,20261004-224724_job20648,NVIDIA GeForce RTX 5090,610.43.02,2026-10-04T22:47:24,sdpa,fp16,4,32,4096,128,False,7.4552,7.4537,7.4577,147.48,72.0,,,"void pytorch_flash::flash_fwd_kernel<Flash_fwd_kernel_traits<128, 128, 64, 4, false, false, cutlass::half_t, Flash_kernel_traits<128, 128, 64, 4, cutlass::half_t> >, false, false, false, false, true, true, false, false>(pytorch_flash::Flash_fwd_params)"
pascal,run_attention_helion,20261004-224724_job20648,NVIDIA GeForce RTX 5090,610.43.02,2026-10-04T22:47:24,helion,fp16,4,32,16384,128,False,117.3745,117.3299,117.4051,149.88,18.3,0.000447,447.36,"autotune=quick block_sizes=[1,32,32] num_warps=1 num_stages=1 pid_type=flat indexing=['pointer','tensor_descriptor','pointer','pointer'] mma=mma.sync.aligned.m16n8k16.row.col.f32.f16.f16.f32"
pascal,run_attention_helion,20261004-224724_job20648,NVIDIA GeForce RTX 5090,610.43.02,2026-10-04T22:47:24,sdpa,fp16,4,32,16384,128,False,114.9481,114.9413,114.9499,153.04,18.7,,,"void pytorch_flash::flash_fwd_kernel<Flash_fwd_kernel_traits<128, 128, 64, 4, false, false, cutlass::half_t, Flash_kernel_traits<128, 128, 64, 4, cutlass::half_t> >, false, false, false, false, true, true, false, false>(pytorch_flash::Flash_fwd_params)"
pascal,run_attention_helion,20261004-224724_job20648,NVIDIA GeForce RTX 5090,610.43.02,2026-10-04T22:47:24,helion,fp16,4,32,1024,128,True,0.5165,0.5161,0.5175,66.52,259.8,0.000368,74.21,"autotune=quick block_sizes=[1,128,16] num_warps=4 num_stages=1 pid_type=flat indexing=['pointer','pointer','pointer','pointer','pointer'] mma=mma.sync.aligned.m16n8k16.row.col.f32.f16.f16.f32"
pascal,run_attention_helion,20261004-224724_job20648,NVIDIA GeForce RTX 5090,610.43.02,2026-10-04T22:47:24,sdpa,fp16,4,32,1024,128,True,0.3256,0.3245,0.3266,105.53,412.2,,,"void pytorch_flash::flash_fwd_kernel<Flash_fwd_kernel_traits<128, 128, 64, 4, false, false, cutlass::half_t, Flash_kernel_traits<128, 128, 64, 4, cutlass::half_t> >, false, true, false, false, true, true, false, false>(pytorch_flash::Flash_fwd_params)"
pascal,run_attention_helion,20261004-224724_job20648,NVIDIA GeForce RTX 5090,610.43.02,2026-10-04T22:47:24,helion,fp16,4,32,4096,128,True,7.6518,7.6458,7.6564,71.85,70.2,0.000382,61.77,"autotune=quick block_sizes=[1,32,16] num_warps=1 num_stages=1 pid_type=flat indexing=['pointer','pointer','pointer','pointer','pointer'] mma=mma.sync.aligned.m16n8k16.row.col.f32.f16.f16.f32"
pascal,run_attention_helion,20261004-224724_job20648,NVIDIA GeForce RTX 5090,610.43.02,2026-10-04T22:47:24,sdpa,fp16,4,32,4096,128,True,3.9004,3.896,3.9029,140.95,137.6,,,"void pytorch_flash::flash_fwd_kernel<Flash_fwd_kernel_traits<128, 128, 64, 4, false, false, cutlass::half_t, Flash_kernel_traits<128, 128, 64, 4, cutlass::half_t> >, false, true, false, false, true, true, false, false>(pytorch_flash::Flash_fwd_params)"
pascal,run_attention_helion,20261004-224724_job20648,NVIDIA GeForce RTX 5090,610.43.02,2026-10-04T22:47:24,helion,fp16,4,32,16384,128,True,115.9731,115.967,115.9793,75.85,18.5,0.000394,292.09,"autotune=quick block_sizes=[1,32,16] num_warps=1 num_stages=1 pid_type=flat indexing=['tensor_descriptor','pointer','pointer','pointer','pointer'] mma=mma.sync.aligned.m16n8k16.row.col.f32.f16.f16.f32"
pascal,run_attention_helion,20261004-224724_job20648,NVIDIA GeForce RTX 5090,610.43.02,2026-10-04T22:47:24,sdpa,fp16,4,32,16384,128,True,57.7065,57.7036,57.7124,152.43,37.2,,,"void pytorch_flash::flash_fwd_kernel<Flash_fwd_kernel_traits<128, 128, 64, 4, false, false, cutlass::half_t, Flash_kernel_traits<128, 128, 64, 4, cutlass::half_t> >, false, true, false, false, true, true, false, false>(pytorch_flash::Flash_fwd_params)"
pascal,run_attention_triton,20261004-224902_job20648,NVIDIA GeForce RTX 5090,610.43.02,2026-10-04T22:49:02,triton,fp16,4,32,1024,64,False,0.2357,0.2351,0.2377,145.79,284.7,0.000355,7.13,BM=64 BN=64 stages=2 num_warps=4 mma=mma.sync.aligned.m16n8k16.row.col.f32.f16.f16.f32
pascal,run_attention_triton,20261004-224902_job20648,NVIDIA GeForce RTX 5090,610.43.02,2026-10-04T22:49:02,sdpa,fp16,4,32,1024,64,False,0.2559,0.2549,0.256,134.25,262.2,,,"void pytorch_flash::flash_fwd_kernel<Flash_fwd_kernel_traits<64, 128, 128, 4, false, false, cutlass::half_t, Flash_kernel_traits<64, 128, 128, 4, cutlass::half_t> >, false, false, false, false, true, true, false, false>(pytorch_flash::Flash_fwd_params)"
pascal,run_attention_triton,20261004-224902_job20648,NVIDIA GeForce RTX 5090,610.43.02,2026-10-04T22:49:02,triton,fp16,4,32,4096,64,False,3.3469,3.3447,3.3562,164.26,80.2,0.000375,3.58,BM=64 BN=64 stages=2 num_warps=4 mma=mma.sync.aligned.m16n8k16.row.col.f32.f16.f16.f32
pascal,run_attention_triton,20261004-224902_job20648,NVIDIA GeForce RTX 5090,610.43.02,2026-10-04T22:49:02,sdpa,fp16,4,32,4096,64,False,3.4756,3.4745,3.4776,158.17,77.2,,,"void pytorch_flash::flash_fwd_kernel<Flash_fwd_kernel_traits<64, 128, 128, 4, false, false, cutlass::half_t, Flash_kernel_traits<64, 128, 128, 4, cutlass::half_t> >, false, false, false, false, true, true, false, false>(pytorch_flash::Flash_fwd_params)"
pascal,run_attention_triton,20261004-224902_job20648,NVIDIA GeForce RTX 5090,610.43.02,2026-10-04T22:49:02,triton,fp16,4,32,16384,64,False,52.395,52.3872,52.4462,167.88,20.5,0.000385,14.25,BM=64 BN=64 stages=2 num_warps=4 mma=mma.sync.aligned.m16n8k16.row.col.f32.f16.f16.f32
pascal,run_attention_triton,20261004-224902_job20648,NVIDIA GeForce RTX 5090,610.43.02,2026-10-04T22:49:02,sdpa,fp16,4,32,16384,64,False,53.7057,53.7002,53.7172,163.78,20.0,,,"void pytorch_flash::flash_fwd_kernel<Flash_fwd_kernel_traits<64, 128, 128, 4, false, false, cutlass::half_t, Flash_kernel_traits<64, 128, 128, 4, cutlass::half_t> >, false, false, false, false, true, true, false, false>(pytorch_flash::Flash_fwd_params)"
pascal,run_attention_triton,20261004-224902_job20648,NVIDIA GeForce RTX 5090,610.43.02,2026-10-04T22:49:02,triton,fp16,4,32,1024,64,True,0.1454,0.1434,0.1475,118.15,461.5,0.000197,0.26,BM=64 BN=64 stages=2 num_warps=4 mma=mma.sync.aligned.m16n8k16.row.col.f32.f16.f16.f32
pascal,run_attention_triton,20261004-224902_job20648,NVIDIA GeForce RTX 5090,610.43.02,2026-10-04T22:49:02,sdpa,fp16,4,32,1024,64,True,0.172,0.1699,0.1751,99.86,390.1,,,"void pytorch_flash::flash_fwd_kernel<Flash_fwd_kernel_traits<64, 128, 128, 4, false, false, cutlass::half_t, Flash_kernel_traits<64, 128, 128, 4, cutlass::half_t> >, false, true, false, false, true, true, false, false>(pytorch_flash::Flash_fwd_params)"
pascal,run_attention_triton,20261004-224902_job20648,NVIDIA GeForce RTX 5090,610.43.02,2026-10-04T22:49:02,triton,fp16,4,32,4096,64,True,1.7545,1.7459,1.7655,156.67,153.0,0.00024,0.0,BM=64 BN=64 stages=2 num_warps=4 mma=mma.sync.aligned.m16n8k16.row.col.f32.f16.f16.f32
pascal,run_attention_triton,20261004-224902_job20648,NVIDIA GeForce RTX 5090,610.43.02,2026-10-04T22:49:02,sdpa,fp16,4,32,4096,64,True,1.883,1.8708,1.8933,145.98,142.6,,,"void pytorch_flash::flash_fwd_kernel<Flash_fwd_kernel_traits<64, 128, 128, 4, false, false, cutlass::half_t, Flash_kernel_traits<64, 128, 128, 4, cutlass::half_t> >, false, true, false, false, true, true, false, false>(pytorch_flash::Flash_fwd_params)"
pascal,run_attention_triton,20261004-224902_job20648,NVIDIA GeForce RTX 5090,610.43.02,2026-10-04T22:49:02,triton,fp16,4,32,16384,64,True,26.454,26.4087,26.4774,166.25,40.6,0.000269,0.03,BM=64 BN=64 stages=2 num_warps=4 mma=mma.sync.aligned.m16n8k16.row.col.f32.f16.f16.f32
pascal,run_attention_triton,20261004-224902_job20648,NVIDIA GeForce RTX 5090,610.43.02,2026-10-04T22:49:02,sdpa,fp16,4,32,16384,64,True,27.4907,27.4477,27.5276,159.98,39.1,,,"void pytorch_flash::flash_fwd_kernel<Flash_fwd_kernel_traits<64, 128, 128, 4, false, false, cutlass::half_t, Flash_kernel_traits<64, 128, 128, 4, cutlass::half_t> >, false, true, false, false, true, true, false, false>(pytorch_flash::Flash_fwd_params)"
pascal,run_attention_triton,20261004-224902_job20648,NVIDIA GeForce RTX 5090,610.43.02,2026-10-04T22:49:02,triton,fp16,4,32,1024,128,False,0.5101,0.5095,0.5116,134.71,263.1,0.000361,12.88,BM=128 BN=32 stages=2 num_warps=4 mma=mma.sync.aligned.m16n8k16.row.col.f32.f16.f16.f32
pascal,run_attention_triton,20261004-224902_job20648,NVIDIA GeForce RTX 5090,610.43.02,2026-10-04T22:49:02,sdpa,fp16,4,32,1024,128,False,0.5499,0.5488,0.5509,124.98,244.1,,,"void pytorch_flash::flash_fwd_kernel<Flash_fwd_kernel_traits<128, 128, 64, 4, false, false, cutlass::half_t, Flash_kernel_traits<128, 128, 64, 4, cutlass::half_t> >, false, false, false, false, true, true, false, false>(pytorch_flash::Flash_fwd_params)"
pascal,run_attention_triton,20261004-224902_job20648,NVIDIA GeForce RTX 5090,610.43.02,2026-10-04T22:49:02,triton,fp16,4,32,4096,128,False,6.9986,6.9971,7.0017,157.1,76.7,0.000377,4.16,BM=128 BN=32 stages=2 num_warps=4 mma=mma.sync.aligned.m16n8k16.row.col.f32.f16.f16.f32
pascal,run_attention_triton,20261004-224902_job20648,NVIDIA GeForce RTX 5090,610.43.02,2026-10-04T22:49:02,sdpa,fp16,4,32,4096,128,False,7.4528,7.4525,7.4537,147.53,72.0,,,"void pytorch_flash::flash_fwd_kernel<Flash_fwd_kernel_traits<128, 128, 64, 4, false, false, cutlass::half_t, Flash_kernel_traits<128, 128, 64, 4, cutlass::half_t> >, false, false, false, false, true, true, false, false>(pytorch_flash::Flash_fwd_params)"
pascal,run_attention_triton,20261004-224902_job20648,NVIDIA GeForce RTX 5090,610.43.02,2026-10-04T22:49:02,triton,fp16,4,32,16384,128,False,108.0448,108.0381,108.0515,162.82,19.9,0.000386,28.08,BM=128 BN=32 stages=2 num_warps=4 mma=mma.sync.aligned.m16n8k16.row.col.f32.f16.f16.f32
pascal,run_attention_triton,20261004-224902_job20648,NVIDIA GeForce RTX 5090,610.43.02,2026-10-04T22:49:02,sdpa,fp16,4,32,16384,128,False,115.0341,115.0311,115.0413,152.93,18.7,,,"void pytorch_flash::flash_fwd_kernel<Flash_fwd_kernel_traits<128, 128, 64, 4, false, false, cutlass::half_t, Flash_kernel_traits<128, 128, 64, 4, cutlass::half_t> >, false, false, false, false, true, true, false, false>(pytorch_flash::Flash_fwd_params)"
pascal,run_attention_triton,20261004-224902_job20648,NVIDIA GeForce RTX 5090,610.43.02,2026-10-04T22:49:02,triton,fp16,4,32,1024,128,True,0.3463,0.3401,0.3538,99.23,387.6,0.000226,0.42,BM=128 BN=32 stages=2 num_warps=4 mma=mma.sync.aligned.m16n8k16.row.col.f32.f16.f16.f32
pascal,run_attention_triton,20261004-224902_job20648,NVIDIA GeForce RTX 5090,610.43.02,2026-10-04T22:49:02,sdpa,fp16,4,32,1024,128,True,0.3276,0.3256,0.3277,104.9,409.8,,,"void pytorch_flash::flash_fwd_kernel<Flash_fwd_kernel_traits<128, 128, 64, 4, false, false, cutlass::half_t, Flash_kernel_traits<128, 128, 64, 4, cutlass::half_t> >, false, true, false, false, true, true, false, false>(pytorch_flash::Flash_fwd_params)"
pascal,run_attention_triton,20261004-224902_job20648,NVIDIA GeForce RTX 5090,610.43.02,2026-10-04T22:49:02,triton,fp16,4,32,4096,128,True,3.8687,3.8441,3.8994,142.1,138.8,0.00026,0.0,BM=128 BN=32 stages=2 num_warps=4 mma=mma.sync.aligned.m16n8k16.row.col.f32.f16.f16.f32
pascal,run_attention_triton,20261004-224902_job20648,NVIDIA GeForce RTX 5090,610.43.02,2026-10-04T22:49:02,sdpa,fp16,4,32,4096,128,True,3.9033,3.8977,3.9055,140.84,137.5,,,"void pytorch_flash::flash_fwd_kernel<Flash_fwd_kernel_traits<128, 128, 64, 4, false, false, cutlass::half_t, Flash_kernel_traits<128, 128, 64, 4, cutlass::half_t> >, false, true, false, false, true, true, false, false>(pytorch_flash::Flash_fwd_params)"
pascal,run_attention_triton,20261004-224902_job20648,NVIDIA GeForce RTX 5090,610.43.02,2026-10-04T22:49:02,triton,fp16,4,32,16384,128,True,55.956,55.9233,56.0798,157.2,38.4,0.000285,0.06,BM=128 BN=32 stages=2 num_warps=4 mma=mma.sync.aligned.m16n8k16.row.col.f32.f16.f16.f32
pascal,run_attention_triton,20261004-224902_job20648,NVIDIA GeForce RTX 5090,610.43.02,2026-10-04T22:49:02,sdpa,fp16,4,32,16384,128,True,57.7316,57.7274,57.7409,152.36,37.2,,,"void pytorch_flash::flash_fwd_kernel<Flash_fwd_kernel_traits<128, 128, 64, 4, false, false, cutlass::half_t, Flash_kernel_traits<128, 128, 64, 4, cutlass::half_t> >, false, true, false, false, true, true, false, false>(pytorch_flash::Flash_fwd_params)"
