maquina,experimento,ejecucion,gpu,driver_nvidia,fecha,variante,dtype,M,N,ms,ms_p20,ms_p80,gbs,pct_pico,t_compilacion_s,detalle
pascal,run_rmsnorm_tlx,20261002-092338_job20499,NVIDIA GeForce RTX 5090,,2026-10-02T09:23:38,tlx,fp16,4096,2048,0.0245,0.0225,0.0266,1367.3,76.3,0.26,carga=cp.async stages=3 num_warps=8 grid=680
pascal,run_rmsnorm_tlx,20261002-092338_job20499,NVIDIA GeForce RTX 5090,,2026-10-02T09:23:38,torch,fp16,4096,2048,0.0251,0.025,0.0271,1339.3,74.7,,
pascal,run_rmsnorm_tlx,20261002-092338_job20499,NVIDIA GeForce RTX 5090,,2026-10-02T09:23:38,tlx,fp16,4096,4096,0.0512,0.0512,0.0532,1310.1,73.1,0.09,carga=cp.async stages=3 num_warps=16 grid=680
pascal,run_rmsnorm_tlx,20261002-092338_job20499,NVIDIA GeForce RTX 5090,,2026-10-02T09:23:38,torch,fp16,4096,4096,0.0487,0.0467,0.0496,1379.0,77.0,,
pascal,run_rmsnorm_tlx,20261002-092338_job20499,NVIDIA GeForce RTX 5090,,2026-10-02T09:23:38,tlx,fp16,4096,8192,0.0942,0.0922,0.0942,1425.4,79.5,0.09,carga=cp.async stages=3 num_warps=16 grid=340
pascal,run_rmsnorm_tlx,20261002-092338_job20499,NVIDIA GeForce RTX 5090,,2026-10-02T09:23:38,torch,fp16,4096,8192,0.104,0.1029,0.106,1290.7,72.0,,
pascal,run_rmsnorm_tlx,20261002-092338_job20499,NVIDIA GeForce RTX 5090,,2026-10-02T09:23:38,tlx,fp16,16384,2048,0.0963,0.0962,0.0983,1394.4,77.8,0.0,carga=cp.async stages=3 num_warps=8 grid=680
pascal,run_rmsnorm_tlx,20261002-092338_job20499,NVIDIA GeForce RTX 5090,,2026-10-02T09:23:38,torch,fp16,16384,2048,0.0908,0.0897,0.0926,1479.0,82.5,,
pascal,run_rmsnorm_tlx,20261002-092338_job20499,NVIDIA GeForce RTX 5090,,2026-10-02T09:23:38,tlx,fp16,16384,4096,0.1946,0.1945,0.1966,1379.7,77.0,0.0,carga=cp.async stages=3 num_warps=16 grid=680
pascal,run_rmsnorm_tlx,20261002-092338_job20499,NVIDIA GeForce RTX 5090,,2026-10-02T09:23:38,torch,fp16,16384,4096,0.1828,0.1818,0.1848,1468.6,82.0,,
pascal,run_rmsnorm_tlx,20261002-092338_job20499,NVIDIA GeForce RTX 5090,,2026-10-02T09:23:38,tlx,fp16,16384,8192,0.3686,0.3686,0.3707,1456.4,81.3,0.0,carga=cp.async stages=3 num_warps=16 grid=340
pascal,run_rmsnorm_tlx,20261002-092338_job20499,NVIDIA GeForce RTX 5090,,2026-10-02T09:23:38,torch,fp16,16384,8192,0.3875,0.3845,0.3896,1385.4,77.3,,
pascal,run_rmsnorm_tlx,20261002-092338_job20499,NVIDIA GeForce RTX 5090,,2026-10-02T09:23:38,tlx,bf16,4096,2048,0.0246,0.0245,0.0266,1365.5,76.2,0.08,carga=cp.async stages=3 num_warps=8 grid=680
pascal,run_rmsnorm_tlx,20261002-092338_job20499,NVIDIA GeForce RTX 5090,,2026-10-02T09:23:38,torch,bf16,4096,2048,0.0261,0.0241,0.0262,1285.2,71.7,,
pascal,run_rmsnorm_tlx,20261002-092338_job20499,NVIDIA GeForce RTX 5090,,2026-10-02T09:23:38,tlx,bf16,4096,4096,0.0512,0.0512,0.0532,1310.9,73.2,0.08,carga=cp.async stages=3 num_warps=16 grid=680
pascal,run_rmsnorm_tlx,20261002-092338_job20499,NVIDIA GeForce RTX 5090,,2026-10-02T09:23:38,torch,bf16,4096,4096,0.0486,0.0466,0.0487,1379.9,77.0,,
pascal,run_rmsnorm_tlx,20261002-092338_job20499,NVIDIA GeForce RTX 5090,,2026-10-02T09:23:38,tlx,bf16,4096,8192,0.0942,0.0942,0.0963,1424.9,79.5,0.09,carga=cp.async stages=3 num_warps=16 grid=340
pascal,run_rmsnorm_tlx,20261002-092338_job20499,NVIDIA GeForce RTX 5090,,2026-10-02T09:23:38,torch,bf16,4096,8192,0.1048,0.1029,0.106,1280.5,71.5,,
pascal,run_rmsnorm_tlx,20261002-092338_job20499,NVIDIA GeForce RTX 5090,,2026-10-02T09:23:38,tlx,bf16,16384,2048,0.0983,0.0963,0.1004,1365.4,76.2,0.0,carga=cp.async stages=3 num_warps=8 grid=680
pascal,run_rmsnorm_tlx,20261002-092338_job20499,NVIDIA GeForce RTX 5090,,2026-10-02T09:23:38,torch,bf16,16384,2048,0.0926,0.0916,0.0927,1449.4,80.9,,
pascal,run_rmsnorm_tlx,20261002-092338_job20499,NVIDIA GeForce RTX 5090,,2026-10-02T09:23:38,tlx,bf16,16384,4096,0.1945,0.1925,0.1946,1380.0,77.0,0.0,carga=cp.async stages=3 num_warps=16 grid=680
pascal,run_rmsnorm_tlx,20261002-092338_job20499,NVIDIA GeForce RTX 5090,,2026-10-02T09:23:38,torch,bf16,16384,4096,0.1819,0.1807,0.1828,1476.1,82.4,,
pascal,run_rmsnorm_tlx,20261002-092338_job20499,NVIDIA GeForce RTX 5090,,2026-10-02T09:23:38,tlx,bf16,16384,8192,0.3686,0.3684,0.3707,1456.4,81.3,0.0,carga=cp.async stages=3 num_warps=16 grid=340
pascal,run_rmsnorm_tlx,20261002-092338_job20499,NVIDIA GeForce RTX 5090,,2026-10-02T09:23:38,torch,bf16,16384,8192,0.3855,0.3834,0.3876,1392.7,77.7,,
pascal,run_rmsnorm_triton,20261002-092354_job20499,NVIDIA GeForce RTX 5090,,2026-10-02T09:23:54,triton,fp16,4096,2048,0.0241,0.0231,0.0246,1392.7,77.7,0.25,num_warps=8
pascal,run_rmsnorm_triton,20261002-092354_job20499,NVIDIA GeForce RTX 5090,,2026-10-02T09:23:54,torch,fp16,4096,2048,0.0241,0.0241,0.0261,1390.9,77.6,,
pascal,run_rmsnorm_triton,20261002-092354_job20499,NVIDIA GeForce RTX 5090,,2026-10-02T09:23:54,triton,fp16,4096,4096,0.0455,0.0435,0.0456,1475.0,82.3,0.06,num_warps=16
pascal,run_rmsnorm_triton,20261002-092354_job20499,NVIDIA GeForce RTX 5090,,2026-10-02T09:23:54,torch,fp16,4096,4096,0.0487,0.0467,0.0496,1379.0,77.0,,
pascal,run_rmsnorm_triton,20261002-092354_job20499,NVIDIA GeForce RTX 5090,,2026-10-02T09:23:54,triton,fp16,4096,8192,0.0886,0.0885,0.0906,1515.5,84.6,0.06,num_warps=16
pascal,run_rmsnorm_triton,20261002-092354_job20499,NVIDIA GeForce RTX 5090,,2026-10-02T09:23:54,torch,fp16,4096,8192,0.1049,0.1029,0.106,1279.7,71.4,,
pascal,run_rmsnorm_triton,20261002-092354_job20499,NVIDIA GeForce RTX 5090,,2026-10-02T09:23:54,triton,fp16,16384,2048,0.0887,0.0885,0.0906,1513.7,84.5,0.0,num_warps=8
pascal,run_rmsnorm_triton,20261002-092354_job20499,NVIDIA GeForce RTX 5090,,2026-10-02T09:23:54,torch,fp16,16384,2048,0.0908,0.0897,0.0926,1478.5,82.5,,
pascal,run_rmsnorm_triton,20261002-092354_job20499,NVIDIA GeForce RTX 5090,,2026-10-02T09:23:54,triton,fp16,16384,4096,0.1777,0.1767,0.179,1510.4,84.3,0.0,num_warps=16
pascal,run_rmsnorm_triton,20261002-092354_job20499,NVIDIA GeForce RTX 5090,,2026-10-02T09:23:54,torch,fp16,16384,4096,0.1828,0.1818,0.1848,1468.6,82.0,,
pascal,run_rmsnorm_triton,20261002-092354_job20499,NVIDIA GeForce RTX 5090,,2026-10-02T09:23:54,triton,fp16,16384,8192,0.3529,0.3527,0.3548,1521.4,84.9,0.0,num_warps=16
pascal,run_rmsnorm_triton,20261002-092354_job20499,NVIDIA GeForce RTX 5090,,2026-10-02T09:23:54,torch,fp16,16384,8192,0.3865,0.3836,0.3886,1389.0,77.5,,
pascal,run_rmsnorm_triton,20261002-092354_job20499,NVIDIA GeForce RTX 5090,,2026-10-02T09:23:54,triton,bf16,4096,2048,0.022,0.02,0.0241,1524.3,85.1,0.06,num_warps=8
pascal,run_rmsnorm_triton,20261002-092354_job20499,NVIDIA GeForce RTX 5090,,2026-10-02T09:23:54,torch,bf16,4096,2048,0.0261,0.0241,0.0271,1285.2,71.7,,
pascal,run_rmsnorm_triton,20261002-092354_job20499,NVIDIA GeForce RTX 5090,,2026-10-02T09:23:54,triton,bf16,4096,4096,0.0446,0.0426,0.0455,1505.7,84.0,0.06,num_warps=16
pascal,run_rmsnorm_triton,20261002-092354_job20499,NVIDIA GeForce RTX 5090,,2026-10-02T09:23:54,torch,bf16,4096,4096,0.0487,0.0476,0.0497,1379.0,77.0,,
pascal,run_rmsnorm_triton,20261002-092354_job20499,NVIDIA GeForce RTX 5090,,2026-10-02T09:23:54,triton,bf16,4096,8192,0.0895,0.0876,0.0906,1499.2,83.7,0.06,num_warps=16
pascal,run_rmsnorm_triton,20261002-092354_job20499,NVIDIA GeForce RTX 5090,,2026-10-02T09:23:54,torch,bf16,4096,8192,0.1049,0.1029,0.1069,1279.7,71.4,,
pascal,run_rmsnorm_triton,20261002-092354_job20499,NVIDIA GeForce RTX 5090,,2026-10-02T09:23:54,triton,bf16,16384,2048,0.0906,0.0886,0.0906,1482.1,82.7,0.0,num_warps=8
pascal,run_rmsnorm_triton,20261002-092354_job20499,NVIDIA GeForce RTX 5090,,2026-10-02T09:23:54,torch,bf16,16384,2048,0.0926,0.0916,0.0927,1449.4,80.9,,
pascal,run_rmsnorm_triton,20261002-092354_job20499,NVIDIA GeForce RTX 5090,,2026-10-02T09:23:54,triton,bf16,16384,4096,0.1767,0.1756,0.1777,1519.2,84.8,0.0,num_warps=16
pascal,run_rmsnorm_triton,20261002-092354_job20499,NVIDIA GeForce RTX 5090,,2026-10-02T09:23:54,torch,bf16,16384,4096,0.1818,0.1798,0.1828,1476.7,82.4,,
pascal,run_rmsnorm_triton,20261002-092354_job20499,NVIDIA GeForce RTX 5090,,2026-10-02T09:23:54,triton,bf16,16384,8192,0.3548,0.3528,0.3548,1513.4,84.5,0.0,num_warps=16
pascal,run_rmsnorm_triton,20261002-092354_job20499,NVIDIA GeForce RTX 5090,,2026-10-02T09:23:54,torch,bf16,16384,8192,0.3855,0.3834,0.3886,1392.6,77.7,,
