maquina,experimento,ejecucion,gpu,driver_nvidia,fecha,dtype,M,N,K,BLOCK_SIZE_M,BLOCK_SIZE_N,BLOCK_SIZE_K,GROUP_SIZE_M,num_warps,num_stages,autotune_s,triton_ms,triton_ms_p20,triton_ms_p80,triton_reloj_mhz,triton_potencia_w,triton_tflops,triton_gbs,cublas_ms,cublas_ms_p20,cublas_ms_p80,cublas_reloj_mhz,cublas_potencia_w,cublas_tflops,cublas_gbs,triton_mma,cublas_kernel,variante,ms,ms_p20,ms_p80,reloj_mhz,potencia_w,tflops,gbs,t_compilacion_s,detalle,carga,error_rel,mma,usa_tma
hennessy-frio,run_matmul,20261008-160541_job20841,NVIDIA GB10,610.57.04,2026-10-08T16:05:41,fp16,8192,8192,8192,128,256,64,8,8,3,34.1,11.8272,11.7867,12.294,2411,19.6,92.96,34.0,11.5667,11.5382,12.2088,2281,66.2,95.06,34.8,mma.sync.aligned.m16n8k16.row.col.f32.f16.f16.f32,nvjet_sm121_hsh_mma_128x208x64_2_32x104x64_tmaAB_bz_NNNN,,,,,,,,,,,,,,
hennessy-frio,run_matmul_cutlass,20261008-155828_job20841,NVIDIA GB10,610.57.04,2026-10-08T15:58:28,fp16,8192,8192,8192,,,,,,,,,,,,,,,,,,,,,,,,cutlass,46.6149,46.1304,46.7775,2424.0,14.8,23.59,8.6,1.04,Sm120GemmKernel tile=128x128x64,,,,
hennessy-frio,run_matmul_cutlass,20261008-155828_job20841,NVIDIA GB10,610.57.04,2026-10-08T15:58:28,fp16,8192,8192,8192,,,,,,,,,,,,,,,,,,,,,,,,cublas,11.391,11.3547,11.9424,2437.0,32.7,96.52,35.3,,nvjet_sm121_hsh_mma_128x208x64_2_32x104x64_tmaAB_bz_NNNN,,,,
hennessy-frio,run_matmul_fp8,20261008-160502_job20841,NVIDIA GB10,610.57.04,2026-10-08T16:05:02,,8192,8192,8192,128,256,64,8,8,3,,,,,,,,,,,,,,,,,,fp16,11.9112,11.8497,12.3574,2418,33.6,92.31,33.8,,,cp.async,0.00021,mma.sync.aligned.m16n8k16.row.col.f32.f16.f16.f32,
hennessy-frio,run_matmul_fp8,20261008-160502_job20841,NVIDIA GB10,610.57.04,2026-10-08T16:05:02,,8192,8192,8192,256,128,128,8,8,3,,,,,,,,,,,,,,,,,,fp8,7.3774,7.3548,7.7554,2411.0,27.8,149.04,36.4,,,cp.async,0.03753,mma.sync.aligned.m16n8k32.row.col.f32.e4m3.e4m3.f32,
hennessy-frio,run_matmul_fp8,20261008-160502_job20841,NVIDIA GB10,610.57.04,2026-10-08T16:05:02,,8192,8192,8192,128,256,128,8,8,3,,,,,,,,,,,,,,,,,,fp8_tma,7.1229,7.1086,7.509,2411.0,17.8,154.36,37.7,,,TMA,0.03753,mma.sync.aligned.m16n8k32.row.col.f32.e4m3.e4m3.f32,
hennessy-frio,run_matmul_fp8,20261008-160502_job20841,NVIDIA GB10,610.57.04,2026-10-08T16:05:02,,8192,8192,8192,,,,,,,,,,,,,,,,,,,,,,,,fp8_cublas,5.8143,5.7683,6.2511,2320,60.3,189.11,46.2,,,cublasLt,0.03753,cublasLt,
hennessy-frio,run_matmul_gluon,20261008-155841_job20841,NVIDIA GB10,610.57.04,2026-10-08T15:58:41,fp16,8192,8192,8192,,,,,,,,,,,,,,,,,,,,,,,,gluon,13.8722,13.8257,14.2421,2411.0,39.3,79.26,29.0,3.88,BM=128 BN=128 BK=32 stages=3 warps=2x2 mma=mma.sync.aligned.m16n8k16.row.col.f32.f16.f16.f32,,,,
hennessy-frio,run_matmul_gluon,20261008-155841_job20841,NVIDIA GB10,610.57.04,2026-10-08T15:58:41,fp16,8192,8192,8192,,,,,,,,,,,,,,,,,,,,,,,,cublas,11.3051,11.2743,11.5016,2320.0,62.4,97.26,35.6,,nvjet_sm121_hsh_mma_128x208x64_2_32x104x64_tmaAB_bz_NNNN,,,,
hennessy-frio,run_matmul_helion,20261008-160254_job20841,NVIDIA GB10,610.57.04,2026-10-08T16:02:54,fp16,8192,8192,8192,,,,,,,,,,,,,,,,,,,,,,,,helion,17.751,17.6759,18.1758,2418,20.8,61.94,22.7,239.55,"autotune=quick block_sizes=[64,512,64] num_warps=16 num_stages=2 pid_type=persistent_interleaved indexing=['pointer','pointer','pointer']",,,,
hennessy-frio,run_matmul_helion,20261008-160254_job20841,NVIDIA GB10,610.57.04,2026-10-08T16:02:54,fp16,8192,8192,8192,,,,,,,,,,,,,,,,,,,,,,,,cublas,11.6762,11.6242,12.1746,2405.0,61.9,94.17,34.5,,nvjet_sm121_hsh_mma_128x208x64_2_32x104x64_tmaAB_bz_NNNN,,,,
hennessy-frio,run_matmul_tma,20261008-160914_job20841,NVIDIA GB10,610.57.04,2026-10-08T16:09:14,fp16,8192,8192,8192,128,256,64,8,8,3,34.2,,,,,,,,,,,,,,,,,baseline,11.8508,11.8147,12.2922,2418,32.3,92.78,34.0,,,cp.async,,mma.sync.aligned.m16n8k16.row.col.f32.f16.f16.f32,False
hennessy-frio,run_matmul_tma,20261008-160914_job20841,NVIDIA GB10,610.57.04,2026-10-08T16:09:14,fp16,8192,8192,8192,128,256,64,8,8,3,78.1,,,,,,,,,,,,,,,,,blockptr,11.6695,11.6403,12.1563,2320,38.8,94.22,34.5,,,cp.async,,mma.sync.aligned.m16n8k16.row.col.f32.f16.f16.f32,False
hennessy-frio,run_matmul_tma,20261008-160914_job20841,NVIDIA GB10,610.57.04,2026-10-08T16:09:14,fp16,8192,8192,8192,128,256,64,8,8,3,96.1,,,,,,,,,,,,,,,,,tma,11.7837,11.7399,12.2637,2411,42.1,93.31,34.2,,,TMA,,mma.sync.aligned.m16n8k16.row.col.f32.f16.f16.f32,True
