variante,dtype,B,H,N_CTX,HEAD_DIM,causal,ms,ms_p20,ms_p80,tflops,gbs,error_rel,t_compilacion_s,detalle
helion,fp16,4,32,1024,64,False,0.4925,0.4905,0.4946,69.76,136.2,0.000431,75.87,"autotune=quick block_sizes=[1,64,16] num_warps=2 num_stages=2 pid_type=flat indexing=['pointer','pointer','pointer','tensor_descriptor'] mma=mma.sync.aligned.m16n8k16.row.col.f32.f16.f16.f32"
sdpa,fp16,4,32,1024,64,False,0.4301,0.428,0.4316,79.89,156.0,,,"void pytorch_flash::flash_fwd_kernel<Flash_fwd_kernel_traits<64, 128, 128, 4, false, false, cutlass::half_t, Flash_kernel_traits<64, 128, 128, 4, cutlass::half_t> >, false, false, false, false, true, true, false, false>(pytorch_flash::Flash_fwd_params)"
helion,fp16,4,32,4096,64,False,7.336,7.3235,7.3474,74.94,36.6,0.000442,85.23,"autotune=quick block_sizes=[1,64,32] num_warps=1 num_stages=1 pid_type=flat indexing=['pointer','pointer','pointer','pointer'] mma=mma.sync.aligned.m16n8k16.row.col.f32.f16.f16.f32"
sdpa,fp16,4,32,4096,64,False,6.2333,6.2126,6.2516,88.2,43.1,,,"void pytorch_flash::flash_fwd_kernel<Flash_fwd_kernel_traits<64, 128, 128, 4, false, false, cutlass::half_t, Flash_kernel_traits<64, 128, 128, 4, cutlass::half_t> >, false, false, false, false, true, true, false, false>(pytorch_flash::Flash_fwd_params)"
helion,fp16,4,32,16384,64,False,111.3619,111.2787,111.4827,78.99,9.6,0.000448,788.59,"autotune=quick block_sizes=[1,128,16] num_warps=2 num_stages=1 pid_type=flat indexing=['pointer','pointer','pointer','pointer'] mma=mma.sync.aligned.m16n8k16.row.col.f32.f16.f16.f32"
sdpa,fp16,4,32,16384,64,False,101.0055,100.9994,101.0143,87.09,10.6,,,"void pytorch_flash::flash_fwd_kernel<Flash_fwd_kernel_traits<64, 128, 128, 4, false, false, cutlass::half_t, Flash_kernel_traits<64, 128, 128, 4, cutlass::half_t> >, false, false, false, false, true, true, false, false>(pytorch_flash::Flash_fwd_params)"
helion,fp16,4,32,1024,64,True,0.4681,0.4649,0.4711,36.7,143.4,0.000372,95.2,"autotune=quick block_sizes=[1,128,64] num_warps=4 num_stages=2 pid_type=flat indexing=['pointer','pointer','pointer','tensor_descriptor','pointer'] mma=mma.sync.aligned.m16n8k16.row.col.f32.f16.f16.f32"
sdpa,fp16,4,32,1024,64,True,0.3348,0.3327,0.3369,51.31,200.4,,,"void pytorch_flash::flash_fwd_kernel<Flash_fwd_kernel_traits<64, 128, 128, 4, false, false, cutlass::half_t, Flash_kernel_traits<64, 128, 128, 4, cutlass::half_t> >, false, true, false, false, true, true, false, false>(pytorch_flash::Flash_fwd_params)"
helion,fp16,4,32,4096,64,True,8.2627,8.2221,8.296,33.27,32.5,0.000386,86.31,"autotune=quick block_sizes=[1,32,64] num_warps=1 num_stages=1 pid_type=flat indexing=['pointer','pointer','pointer','pointer','pointer'] mma=mma.sync.aligned.m16n8k16.row.col.f32.f16.f16.f32"
sdpa,fp16,4,32,4096,64,True,3.2023,3.1887,3.2196,85.84,83.8,,,"void pytorch_flash::flash_fwd_kernel<Flash_fwd_kernel_traits<64, 128, 128, 4, false, false, cutlass::half_t, Flash_kernel_traits<64, 128, 128, 4, cutlass::half_t> >, false, true, false, false, true, true, false, false>(pytorch_flash::Flash_fwd_params)"
helion,fp16,4,32,16384,64,True,111.6422,111.6242,111.7184,39.39,9.6,0.000397,1186.95,"autotune=quick block_sizes=[1,64,64] num_warps=2 num_stages=2 pid_type=flat indexing=['pointer','pointer','pointer','pointer','pointer'] mma=mma.sync.aligned.m16n8k16.row.col.f32.f16.f16.f32"
sdpa,fp16,4,32,16384,64,True,50.7157,50.675,50.7283,86.72,21.2,,,"void pytorch_flash::flash_fwd_kernel<Flash_fwd_kernel_traits<64, 128, 128, 4, false, false, cutlass::half_t, Flash_kernel_traits<64, 128, 128, 4, cutlass::half_t> >, false, true, false, false, true, true, false, false>(pytorch_flash::Flash_fwd_params)"
helion,fp16,4,32,1024,128,False,0.8704,0.8663,0.8756,78.95,154.2,0.000431,87.34,"autotune=quick block_sizes=[1,128,32] num_warps=4 num_stages=2 pid_type=flat indexing=['pointer','tensor_descriptor','pointer','pointer'] mma=mma.sync.aligned.m16n8k16.row.col.f32.f16.f16.f32"
sdpa,fp16,4,32,1024,128,False,1.0302,1.017,1.0364,66.7,130.3,,,"void pytorch_flash::flash_fwd_kernel<Flash_fwd_kernel_traits<128, 128, 64, 4, false, false, cutlass::half_t, Flash_kernel_traits<128, 128, 64, 4, cutlass::half_t> >, false, false, false, false, true, true, false, false>(pytorch_flash::Flash_fwd_params)"
helion,fp16,4,32,4096,128,False,12.6167,12.6026,12.6219,87.15,42.6,0.000439,157.48,"autotune=quick block_sizes=[1,128,32] num_warps=4 num_stages=2 pid_type=flat indexing=['tensor_descriptor','tensor_descriptor','tensor_descriptor','tensor_descriptor'] mma=mma.sync.aligned.m16n8k16.row.col.f32.f16.f16.f32"
sdpa,fp16,4,32,4096,128,False,13.2486,13.2249,13.2796,82.99,40.5,,,"void pytorch_flash::flash_fwd_kernel<Flash_fwd_kernel_traits<128, 128, 64, 4, false, false, cutlass::half_t, Flash_kernel_traits<128, 128, 64, 4, cutlass::half_t> >, false, false, false, false, true, true, false, false>(pytorch_flash::Flash_fwd_params)"
helion,fp16,4,32,16384,128,False,264.7517,264.7517,264.7517,66.45,8.1,0.000447,1460.69,"autotune=quick block_sizes=[1,64,32] num_warps=2 num_stages=1 pid_type=flat indexing=['pointer','pointer','pointer','pointer'] mma=mma.sync.aligned.m16n8k16.row.col.f32.f16.f16.f32"
sdpa,fp16,4,32,16384,128,False,210.0945,209.6634,210.5256,83.73,10.2,,,"void pytorch_flash::flash_fwd_kernel<Flash_fwd_kernel_traits<128, 128, 64, 4, false, false, cutlass::half_t, Flash_kernel_traits<128, 128, 64, 4, cutlass::half_t> >, false, false, false, false, true, true, false, false>(pytorch_flash::Flash_fwd_params)"
helion,fp16,4,32,1024,128,True,1.0188,1.0127,1.0261,33.72,131.7,0.00037,77.67,"autotune=quick block_sizes=[1,256,32] num_warps=8 num_stages=2 pid_type=flat indexing=['tensor_descriptor','pointer','tensor_descriptor','tensor_descriptor','tensor_descriptor'] mma=mma.sync.aligned.m16n8k16.row.col.f32.f16.f16.f32"
sdpa,fp16,4,32,1024,128,True,0.6246,0.6226,0.6267,55.01,214.9,,,"void pytorch_flash::flash_fwd_kernel<Flash_fwd_kernel_traits<128, 128, 64, 4, false, false, cutlass::half_t, Flash_kernel_traits<128, 128, 64, 4, cutlass::half_t> >, false, true, false, false, true, true, false, false>(pytorch_flash::Flash_fwd_params)"
helion,fp16,4,32,4096,128,True,17.5811,17.5334,17.5917,31.27,30.5,0.000383,163.8,"autotune=quick block_sizes=[1,64,128] num_warps=1 num_stages=3 pid_type=flat indexing=['pointer','pointer','pointer','tensor_descriptor','tensor_descriptor'] mma=mma.sync.aligned.m16n8k16.row.col.f32.f16.f16.f32"
sdpa,fp16,4,32,4096,128,True,6.76,6.74,6.7707,81.33,79.4,,,"void pytorch_flash::flash_fwd_kernel<Flash_fwd_kernel_traits<128, 128, 64, 4, false, false, cutlass::half_t, Flash_kernel_traits<128, 128, 64, 4, cutlass::half_t> >, false, true, false, false, true, true, false, false>(pytorch_flash::Flash_fwd_params)"
helion,fp16,4,32,16384,128,True,208.7353,208.723,208.7477,42.14,10.3,0.000393,1861.54,"autotune=quick block_sizes=[1,128,32] num_warps=4 num_stages=2 pid_type=flat indexing=['pointer','pointer','pointer','pointer','pointer'] mma=mma.sync.aligned.m16n8k16.row.col.f32.f16.f16.f32"
sdpa,fp16,4,32,16384,128,True,102.3055,102.2748,102.3376,85.98,21.0,,,"void pytorch_flash::flash_fwd_kernel<Flash_fwd_kernel_traits<128, 128, 64, 4, false, false, cutlass::half_t, Flash_kernel_traits<128, 128, 64, 4, cutlass::half_t> >, false, true, false, false, true, true, false, false>(pytorch_flash::Flash_fwd_params)"
