maquina,experimento,ejecucion,gpu,driver_nvidia,fecha,dtype,M,N,K,BLOCK_SIZE_M,BLOCK_SIZE_N,BLOCK_SIZE_K,GROUP_SIZE_M,num_warps,num_stages,autotune_s,triton_ms,triton_ms_p20,triton_ms_p80,triton_tflops,triton_gbs,cublas_ms,cublas_ms_p20,cublas_ms_p80,cublas_tflops,cublas_gbs,triton_mma,cublas_kernel,variante,carga,error_rel,ms,ms_p20,ms_p80,tflops,gbs,mma,kernel,usa_tma
hennessy,run_matmul,20261002-091508_job20500,NVIDIA GB10,610.57.04,2026-10-02T09:15:08,fp16,4096,4096,4096,128,128,32,8,4,4,7.8,1.4213,1.4173,1.4251,96.7,70.8,1.707,1.6783,1.7388,80.51,59.0,mma.sync.aligned.m16n8k16.row.col.f32.f16.f16.f32,void cutlass::Kernel2<cutlass_80_tensorop_f16_s16816gemm_relu_f16_128x256_32x3_nn_align8>(cutlass_80_tensorop_f16_s16816gemm_relu_f16_128x256_32x3_nn_align8::Params),,,,,,,,,,,
hennessy,run_matmul,20261002-091508_job20500,NVIDIA GB10,610.57.04,2026-10-02T09:15:08,fp16,8192,8192,8192,128,256,64,8,8,3,13.7,11.9199,11.8984,11.9458,92.24,33.8,11.799,11.7643,11.8261,93.19,34.1,mma.sync.aligned.m16n8k16.row.col.f32.f16.f16.f32,nvjet_sm121_hsh_mma_128x208x64_2_32x104x64_tmaAB_bz_NNNN,,,,,,,,,,,
hennessy,run_matmul,20261002-091508_job20500,NVIDIA GB10,610.57.04,2026-10-02T09:15:08,bf16,4096,4096,4096,128,128,32,8,4,3,8.3,1.492,1.4762,1.5022,92.12,67.5,1.8268,1.7859,1.8543,75.24,55.1,mma.sync.aligned.m16n8k16.row.col.f32.bf16.bf16.f32,void cutlass::Kernel2<cutlass_80_tensorop_bf16_s16816gemm_relu_bf16_128x256_32x3_nn_align8>(cutlass_80_tensorop_bf16_s16816gemm_relu_bf16_128x256_32x3_nn_align8::Params),,,,,,,,,,,
hennessy,run_matmul,20261002-091508_job20500,NVIDIA GB10,610.57.04,2026-10-02T09:15:08,bf16,8192,8192,8192,128,256,64,8,8,3,13.4,11.6992,11.6767,11.7188,93.98,34.4,11.6007,11.5565,11.6329,94.78,34.7,mma.sync.aligned.m16n8k16.row.col.f32.bf16.bf16.f32,nvjet_sm121_tst_mma_128x208x64_2_32x104x64_tmaAB_bz_NNNN,,,,,,,,,,,
hennessy,run_matmul_fp8,20261002-091416_job20500,NVIDIA GB10,610.57.04,2026-10-02T09:14:16,,4096,4096,4096,128,128,32,8,4,4,,,,,,,,,,,,,,fp16,cp.async,0.00021,1.4743,1.4684,1.4799,93.22,68.3,mma.sync.aligned.m16n8k16.row.col.f32.f16.f16.f32,,
hennessy,run_matmul_fp8,20261002-091416_job20500,NVIDIA GB10,610.57.04,2026-10-02T09:14:16,,4096,4096,4096,256,128,128,8,8,3,,,,,,,,,,,,,,fp8,cp.async,0.03752,0.9226,0.9195,0.9247,148.97,72.7,mma.sync.aligned.m16n8k32.row.col.f32.e4m3.e4m3.f32,,
hennessy,run_matmul_fp8,20261002-091416_job20500,NVIDIA GB10,610.57.04,2026-10-02T09:14:16,,4096,4096,4096,128,256,128,8,8,3,,,,,,,,,,,,,,fp8_tma,TMA,0.03752,0.9063,0.9042,0.9097,151.65,74.0,mma.sync.aligned.m16n8k32.row.col.f32.e4m3.e4m3.f32,,
hennessy,run_matmul_fp8,20261002-091416_job20500,NVIDIA GB10,610.57.04,2026-10-02T09:14:16,,4096,4096,4096,,,,,,,,,,,,,,,,,,,,fp8_cublas,cublasLt,0.03752,0.778,0.7731,0.7813,176.65,86.3,cublasLt,,
hennessy,run_matmul_fp8,20261002-091416_job20500,NVIDIA GB10,610.57.04,2026-10-02T09:14:16,,8192,8192,8192,128,256,64,8,8,3,,,,,,,,,,,,,,fp16,cp.async,0.00021,11.8532,11.829,11.8732,92.76,34.0,mma.sync.aligned.m16n8k16.row.col.f32.f16.f16.f32,,
hennessy,run_matmul_fp8,20261002-091416_job20500,NVIDIA GB10,610.57.04,2026-10-02T09:14:16,,8192,8192,8192,256,128,128,8,8,3,,,,,,,,,,,,,,fp8,cp.async,0.03755,7.4235,7.4101,7.4414,148.11,36.2,mma.sync.aligned.m16n8k32.row.col.f32.e4m3.e4m3.f32,,
hennessy,run_matmul_fp8,20261002-091416_job20500,NVIDIA GB10,610.57.04,2026-10-02T09:14:16,,8192,8192,8192,128,256,128,8,8,3,,,,,,,,,,,,,,fp8_tma,TMA,0.03755,7.122,7.1127,7.1321,154.38,37.7,mma.sync.aligned.m16n8k32.row.col.f32.e4m3.e4m3.f32,,
hennessy,run_matmul_fp8,20261002-091416_job20500,NVIDIA GB10,610.57.04,2026-10-02T09:14:16,,8192,8192,8192,,,,,,,,,,,,,,,,,,,,fp8_cublas,cublasLt,0.03755,5.8532,5.8219,5.8783,187.85,45.9,cublasLt,,
hennessy,run_matmul_sparsity,20261002-091514_job20500,NVIDIA GB10,610.57.04,2026-10-02T09:15:14,,4096,4096,,,,,,,,,,,,,,,,,,,,,densa_fp16,,0.0,1.7992,1.749,1.8408,76.39,,,void cutlass::Kernel2<cutlass_80_tensorop_f16_s16816gemm_relu_f16_128x256_32x3_nn_align8>(cutlass_80_tensorop_f16_s16816gemm_relu_f16_128x256_32x3_nn_align8::Params),
hennessy,run_matmul_sparsity,20261002-091514_job20500,NVIDIA GB10,610.57.04,2026-10-02T09:15:14,,4096,4096,,,,,,,,,,,,,,,,,,,,,sparse24_fp16,,4e-05,1.0998,1.0937,1.108,124.96,,,sm80_xmma_sparse_gemm_f16f16_f16f32_f32_tt_t_tilesize128x128x64_stage3_warpsize2x2x1_sptensor16x8x32_execute_kernel_5x_cusparselt,
hennessy,run_matmul_sparsity,20261002-091514_job20500,NVIDIA GB10,610.57.04,2026-10-02T09:15:14,,8192,8192,,,,,,,,,,,,,,,,,,,,,densa_fp16,,0.0,11.7422,11.7161,11.7791,93.64,,,nvjet_sm121_hsh_mma_128x208x64_2_32x104x64_tmaAB_bz_NNNN,
hennessy,run_matmul_sparsity,20261002-091514_job20500,NVIDIA GB10,610.57.04,2026-10-02T09:15:14,,8192,8192,,,,,,,,,,,,,,,,,,,,,sparse24_fp16,,6e-05,34.2184,33.8592,34.4101,32.13,,,sm80_xmma_sparse_gemm_f16f16_f16f32_f32_tt_t_tilesize128x128x64_stage3_warpsize2x2x1_sptensor16x8x32_execute_kernel_5x_cusparselt,
hennessy,run_matmul_tma,20261002-092038_job20500,NVIDIA GB10,610.57.04,2026-10-02T09:20:38,fp16,4096,4096,4096,128,128,32,8,4,4,7.8,,,,,,,,,,,,,baseline,cp.async,,1.4276,1.4244,1.4314,96.27,70.5,mma.sync.aligned.m16n8k16.row.col.f32.f16.f16.f32,,False
hennessy,run_matmul_tma,20261002-092038_job20500,NVIDIA GB10,610.57.04,2026-10-02T09:20:38,fp16,4096,4096,4096,128,128,32,8,4,3,17.1,,,,,,,,,,,,,blockptr,cp.async,,1.4959,1.4817,1.5102,91.87,67.3,mma.sync.aligned.m16n8k16.row.col.f32.f16.f16.f32,,False
hennessy,run_matmul_tma,20261002-092038_job20500,NVIDIA GB10,610.57.04,2026-10-02T09:20:38,fp16,4096,4096,4096,128,128,32,8,8,4,20.7,,,,,,,,,,,,,tma,TMA,,1.4389,1.4357,1.4428,95.52,70.0,mma.sync.aligned.m16n8k16.row.col.f32.f16.f16.f32,,True
hennessy,run_matmul_tma,20261002-092038_job20500,NVIDIA GB10,610.57.04,2026-10-02T09:20:38,fp16,8192,8192,8192,128,256,64,8,8,3,13.5,,,,,,,,,,,,,baseline,cp.async,,12.0063,11.991,12.0224,91.58,33.5,mma.sync.aligned.m16n8k16.row.col.f32.f16.f16.f32,,False
hennessy,run_matmul_tma,20261002-092038_job20500,NVIDIA GB10,610.57.04,2026-10-02T09:20:38,fp16,8192,8192,8192,128,256,64,8,8,3,34.3,,,,,,,,,,,,,blockptr,cp.async,,11.8487,11.8404,11.8663,92.8,34.0,mma.sync.aligned.m16n8k16.row.col.f32.f16.f16.f32,,False
hennessy,run_matmul_tma,20261002-092038_job20500,NVIDIA GB10,610.57.04,2026-10-02T09:20:38,fp16,8192,8192,8192,128,128,32,8,4,4,63.9,,,,,,,,,,,,,tma,TMA,,11.5805,11.5506,11.6042,94.95,34.8,mma.sync.aligned.m16n8k16.row.col.f32.f16.f16.f32,,True
hennessy,run_matmul_tma,20261002-092038_job20500,NVIDIA GB10,610.57.04,2026-10-02T09:20:38,bf16,4096,4096,4096,128,128,32,8,4,4,7.5,,,,,,,,,,,,,baseline,cp.async,,1.407,1.4039,1.41,97.68,71.5,mma.sync.aligned.m16n8k16.row.col.f32.bf16.bf16.f32,,False
hennessy,run_matmul_tma,20261002-092038_job20500,NVIDIA GB10,610.57.04,2026-10-02T09:20:38,bf16,4096,4096,4096,128,128,32,8,4,4,17.1,,,,,,,,,,,,,blockptr,cp.async,,1.4695,1.4602,1.4777,93.53,68.5,mma.sync.aligned.m16n8k16.row.col.f32.bf16.bf16.f32,,False
hennessy,run_matmul_tma,20261002-092038_job20500,NVIDIA GB10,610.57.04,2026-10-02T09:20:38,bf16,4096,4096,4096,128,128,32,8,8,4,20.7,,,,,,,,,,,,,tma,TMA,,1.4172,1.4151,1.4203,96.98,71.0,mma.sync.aligned.m16n8k16.row.col.f32.bf16.bf16.f32,,True
hennessy,run_matmul_tma,20261002-092038_job20500,NVIDIA GB10,610.57.04,2026-10-02T09:20:38,bf16,8192,8192,8192,128,256,64,8,8,3,13.4,,,,,,,,,,,,,baseline,cp.async,,11.7795,11.7611,11.7981,93.34,34.2,mma.sync.aligned.m16n8k16.row.col.f32.bf16.bf16.f32,,False
hennessy,run_matmul_tma,20261002-092038_job20500,NVIDIA GB10,610.57.04,2026-10-02T09:20:38,bf16,8192,8192,8192,128,256,64,8,8,3,34.1,,,,,,,,,,,,,blockptr,cp.async,,11.6356,11.619,11.6525,94.5,34.6,mma.sync.aligned.m16n8k16.row.col.f32.bf16.bf16.f32,,False
hennessy,run_matmul_tma,20261002-092038_job20500,NVIDIA GB10,610.57.04,2026-10-02T09:20:38,bf16,8192,8192,8192,128,128,32,8,4,4,63.8,,,,,,,,,,,,,tma,TMA,,11.2852,11.2633,11.3078,97.43,35.7,mma.sync.aligned.m16n8k16.row.col.f32.bf16.bf16.f32,,True
