maquina,experimento,ejecucion,gpu,driver_nvidia,fecha,variante,dtype,B,H,N_CTX,HEAD_DIM,causal,ms,ms_p20,ms_p80,tflops,gbs,error_rel,t_compilacion_s,detalle,reloj_mhz,potencia_w,reloj_sost_mhz,potencia_sost_w,potencia_reposo_w,mj_llamada,tflops_sost,gflop_j,gflop_j_din
hennessy,run_attention_cutlass,20261004-222101_job20649,NVIDIA GB10,610.57.04,2026-10-04T22:21:01,cutlass,fp16,4,32,1024,64,False,0.4433,0.4403,2.93,77.51,151.4,0.000166,4.9,FlashAttentionForwardAmpere BM=64 BN=64 hilos=128 mma=mma.sync.aligned.m16n8k16.row.col.f32.f16.f16.f32,,,,,,,,,
hennessy,run_attention_cutlass,20261004-222101_job20649,NVIDIA GB10,610.57.04,2026-10-04T22:21:01,sdpa,fp16,4,32,1024,64,False,0.4332,0.4291,1.4339,79.31,154.9,,,"void pytorch_flash::flash_fwd_kernel<Flash_fwd_kernel_traits<64, 128, 128, 4, false, false, cutlass::half_t, Flash_kernel_traits<64, 128, 128, 4, cutlass::half_t> >, false, false, false, false, true, true, false, false>(pytorch_flash::Flash_fwd_params)",,,,,,,,,
hennessy,run_attention_cutlass,20261004-222101_job20649,NVIDIA GB10,610.57.04,2026-10-04T22:21:01,cutlass,fp16,4,32,4096,64,False,13.1378,10.6721,13.1569,41.85,20.4,0.000136,4.95,FlashAttentionForwardAmpere BM=128 BN=64 hilos=128 mma=mma.sync.aligned.m16n8k16.row.col.f32.f16.f16.f32,,,,,,,,,
hennessy,run_attention_cutlass,20261004-222101_job20649,NVIDIA GB10,610.57.04,2026-10-04T22:21:01,sdpa,fp16,4,32,4096,64,False,13.3067,13.2722,13.3216,41.31,20.2,,,"void pytorch_flash::flash_fwd_kernel<Flash_fwd_kernel_traits<64, 128, 128, 4, false, false, cutlass::half_t, Flash_kernel_traits<64, 128, 128, 4, cutlass::half_t> >, false, false, false, false, true, true, false, false>(pytorch_flash::Flash_fwd_params)",,,,,,,,,
hennessy,run_attention_cutlass,20261004-222101_job20649,NVIDIA GB10,610.57.04,2026-10-04T22:21:01,cutlass,fp16,4,32,16384,64,False,210.6531,209.6737,211.6325,41.76,5.1,4e-05,16.86,FlashAttentionForwardAmpere BM=128 BN=128 hilos=128 mma=mma.sync.aligned.m16n8k16.row.col.f32.f16.f16.f32,,,,,,,,,
hennessy,run_attention_cutlass,20261004-222101_job20649,NVIDIA GB10,610.57.04,2026-10-04T22:21:01,sdpa,fp16,4,32,16384,64,False,217.6573,217.591,217.7237,40.41,4.9,,,"void pytorch_flash::flash_fwd_kernel<Flash_fwd_kernel_traits<64, 128, 128, 4, false, false, cutlass::half_t, Flash_kernel_traits<64, 128, 128, 4, cutlass::half_t> >, false, false, false, false, true, true, false, false>(pytorch_flash::Flash_fwd_params)",,,,,,,,,
hennessy,run_attention_cutlass,20261004-222101_job20649,NVIDIA GB10,610.57.04,2026-10-04T22:21:01,cutlass,fp16,4,32,1024,64,True,0.3717,0.3696,0.3747,46.22,180.6,9e-06,4.67,FlashAttentionForwardAmpere BM=128 BN=128 hilos=256 mma=mma.sync.aligned.m16n8k16.row.col.f32.f16.f16.f32,,,,,,,,,
hennessy,run_attention_cutlass,20261004-222101_job20649,NVIDIA GB10,610.57.04,2026-10-04T22:21:01,sdpa,fp16,4,32,1024,64,True,0.3421,0.34,0.3443,50.21,196.1,,,"void pytorch_flash::flash_fwd_kernel<Flash_fwd_kernel_traits<64, 128, 128, 4, false, false, cutlass::half_t, Flash_kernel_traits<64, 128, 128, 4, cutlass::half_t> >, false, true, false, false, true, true, false, false>(pytorch_flash::Flash_fwd_params)",,,,,,,,,
hennessy,run_attention_cutlass,20261004-222101_job20649,NVIDIA GB10,610.57.04,2026-10-04T22:21:01,cutlass,fp16,4,32,4096,64,True,3.0756,3.0617,3.093,89.38,87.3,1.3e-05,4.57,FlashAttentionForwardAmpere BM=128 BN=128 hilos=128 mma=mma.sync.aligned.m16n8k16.row.col.f32.f16.f16.f32,,,,,,,,,
hennessy,run_attention_cutlass,20261004-222101_job20649,NVIDIA GB10,610.57.04,2026-10-04T22:21:01,sdpa,fp16,4,32,4096,64,True,3.2265,3.2042,3.2437,85.19,83.2,,,"void pytorch_flash::flash_fwd_kernel<Flash_fwd_kernel_traits<64, 128, 128, 4, false, false, cutlass::half_t, Flash_kernel_traits<64, 128, 128, 4, cutlass::half_t> >, false, true, false, false, true, true, false, false>(pytorch_flash::Flash_fwd_params)",,,,,,,,,
hennessy,run_attention_cutlass,20261004-222101_job20649,NVIDIA GB10,610.57.04,2026-10-04T22:21:01,cutlass,fp16,4,32,16384,64,True,48.8178,48.802,48.8698,90.09,22.0,1.8e-05,7.1,FlashAttentionForwardAmpere BM=128 BN=128 hilos=128 mma=mma.sync.aligned.m16n8k16.row.col.f32.f16.f16.f32,,,,,,,,,
hennessy,run_attention_cutlass,20261004-222101_job20649,NVIDIA GB10,610.57.04,2026-10-04T22:21:01,sdpa,fp16,4,32,16384,64,True,51.1642,51.1121,51.1761,85.96,21.0,,,"void pytorch_flash::flash_fwd_kernel<Flash_fwd_kernel_traits<64, 128, 128, 4, false, false, cutlass::half_t, Flash_kernel_traits<64, 128, 128, 4, cutlass::half_t> >, false, true, false, false, true, true, false, false>(pytorch_flash::Flash_fwd_params)",,,,,,,,,
hennessy,run_attention_cutlass,20261004-222101_job20649,NVIDIA GB10,610.57.04,2026-10-04T22:21:01,cutlass,fp16,4,32,1024,128,False,0.9685,0.9635,0.9736,70.95,138.6,0.000167,6.31,FlashAttentionForwardAmpere BM=128 BN=128 hilos=256 mma=mma.sync.aligned.m16n8k16.row.col.f32.f16.f16.f32,,,,,,,,,
hennessy,run_attention_cutlass,20261004-222101_job20649,NVIDIA GB10,610.57.04,2026-10-04T22:21:01,sdpa,fp16,4,32,1024,128,False,1.0271,1.0214,1.0395,66.91,130.7,,,"void pytorch_flash::flash_fwd_kernel<Flash_fwd_kernel_traits<128, 128, 64, 4, false, false, cutlass::half_t, Flash_kernel_traits<128, 128, 64, 4, cutlass::half_t> >, false, false, false, false, true, true, false, false>(pytorch_flash::Flash_fwd_params)",,,,,,,,,
hennessy,run_attention_cutlass,20261004-222101_job20649,NVIDIA GB10,610.57.04,2026-10-04T22:21:01,cutlass,fp16,4,32,4096,128,False,12.0884,12.0737,12.0999,90.96,44.4,0.000136,6.85,FlashAttentionForwardAmpere BM=128 BN=128 hilos=256 mma=mma.sync.aligned.m16n8k16.row.col.f32.f16.f16.f32,,,,,,,,,
hennessy,run_attention_cutlass,20261004-222101_job20649,NVIDIA GB10,610.57.04,2026-10-04T22:21:01,sdpa,fp16,4,32,4096,128,False,13.2823,13.2599,13.309,82.78,40.4,,,"void pytorch_flash::flash_fwd_kernel<Flash_fwd_kernel_traits<128, 128, 64, 4, false, false, cutlass::half_t, Flash_kernel_traits<128, 128, 64, 4, cutlass::half_t> >, false, false, false, false, true, true, false, false>(pytorch_flash::Flash_fwd_params)",,,,,,,,,
hennessy,run_attention_cutlass,20261004-222101_job20649,NVIDIA GB10,610.57.04,2026-10-04T22:21:01,cutlass,fp16,4,32,16384,128,False,192.5031,192.4814,192.5248,91.39,11.2,0.000107,18.74,FlashAttentionForwardAmpere BM=128 BN=128 hilos=256 mma=mma.sync.aligned.m16n8k16.row.col.f32.f16.f16.f32,,,,,,,,,
hennessy,run_attention_cutlass,20261004-222101_job20649,NVIDIA GB10,610.57.04,2026-10-04T22:21:01,sdpa,fp16,4,32,16384,128,False,209.4514,209.4387,209.4641,83.99,10.3,,,"void pytorch_flash::flash_fwd_kernel<Flash_fwd_kernel_traits<128, 128, 64, 4, false, false, cutlass::half_t, Flash_kernel_traits<128, 128, 64, 4, cutlass::half_t> >, false, false, false, false, true, true, false, false>(pytorch_flash::Flash_fwd_params)",,,,,,,,,
hennessy,run_attention_cutlass,20261004-222101_job20649,NVIDIA GB10,610.57.04,2026-10-04T22:21:01,cutlass,fp16,4,32,1024,128,True,0.7413,0.7381,0.7463,46.35,181.1,5.2e-05,6.87,FlashAttentionForwardAmpere BM=128 BN=64 hilos=256 mma=mma.sync.aligned.m16n8k16.row.col.f32.f16.f16.f32,,,,,,,,,
hennessy,run_attention_cutlass,20261004-222101_job20649,NVIDIA GB10,610.57.04,2026-10-04T22:21:01,sdpa,fp16,4,32,1024,128,True,0.6317,0.6298,0.6329,54.39,212.5,,,"void pytorch_flash::flash_fwd_kernel<Flash_fwd_kernel_traits<128, 128, 64, 4, false, false, cutlass::half_t, Flash_kernel_traits<128, 128, 64, 4, cutlass::half_t> >, false, true, false, false, true, true, false, false>(pytorch_flash::Flash_fwd_params)",,,,,,,,,
hennessy,run_attention_cutlass,20261004-222101_job20649,NVIDIA GB10,610.57.04,2026-10-04T22:21:01,cutlass,fp16,4,32,4096,128,True,6.2726,6.264,6.2804,87.64,85.6,0.000127,7.36,FlashAttentionForwardAmpere BM=128 BN=128 hilos=256 mma=mma.sync.aligned.m16n8k16.row.col.f32.f16.f16.f32,,,,,,,,,
hennessy,run_attention_cutlass,20261004-222101_job20649,NVIDIA GB10,610.57.04,2026-10-04T22:21:01,sdpa,fp16,4,32,4096,128,True,6.6623,6.6552,6.6714,82.52,80.6,,,"void pytorch_flash::flash_fwd_kernel<Flash_fwd_kernel_traits<128, 128, 64, 4, false, false, cutlass::half_t, Flash_kernel_traits<128, 128, 64, 4, cutlass::half_t> >, false, true, false, false, true, true, false, false>(pytorch_flash::Flash_fwd_params)",,,,,,,,,
hennessy,run_attention_cutlass,20261004-222101_job20649,NVIDIA GB10,610.57.04,2026-10-04T22:21:01,cutlass,fp16,4,32,16384,128,True,96.8755,96.8435,96.886,90.8,22.2,0.000125,13.06,FlashAttentionForwardAmpere BM=128 BN=128 hilos=256 mma=mma.sync.aligned.m16n8k16.row.col.f32.f16.f16.f32,,,,,,,,,
hennessy,run_attention_cutlass,20261004-222101_job20649,NVIDIA GB10,610.57.04,2026-10-04T22:21:01,sdpa,fp16,4,32,16384,128,True,102.0207,101.8535,102.1917,86.22,21.0,,,"void pytorch_flash::flash_fwd_kernel<Flash_fwd_kernel_traits<128, 128, 64, 4, false, false, cutlass::half_t, Flash_kernel_traits<128, 128, 64, 4, cutlass::half_t> >, false, true, false, false, true, true, false, false>(pytorch_flash::Flash_fwd_params)",,,,,,,,,
hennessy,run_attention_helion,20261005-125347_job20665,NVIDIA GB10,610.57.04,2026-10-05T12:53:47,helion,fp16,4,32,1024,64,False,0.4925,0.4905,0.4946,69.76,136.2,0.000431,75.87,"autotune=quick block_sizes=[1,64,16] num_warps=2 num_stages=2 pid_type=flat indexing=['pointer','pointer','pointer','tensor_descriptor'] mma=mma.sync.aligned.m16n8k16.row.col.f32.f16.f16.f32",,,,,,,,,
hennessy,run_attention_helion,20261005-125347_job20665,NVIDIA GB10,610.57.04,2026-10-05T12:53:47,sdpa,fp16,4,32,1024,64,False,0.4301,0.428,0.4316,79.89,156.0,,,"void pytorch_flash::flash_fwd_kernel<Flash_fwd_kernel_traits<64, 128, 128, 4, false, false, cutlass::half_t, Flash_kernel_traits<64, 128, 128, 4, cutlass::half_t> >, false, false, false, false, true, true, false, false>(pytorch_flash::Flash_fwd_params)",,,,,,,,,
hennessy,run_attention_helion,20261005-125347_job20665,NVIDIA GB10,610.57.04,2026-10-05T12:53:47,helion,fp16,4,32,4096,64,False,7.336,7.3235,7.3474,74.94,36.6,0.000442,85.23,"autotune=quick block_sizes=[1,64,32] num_warps=1 num_stages=1 pid_type=flat indexing=['pointer','pointer','pointer','pointer'] mma=mma.sync.aligned.m16n8k16.row.col.f32.f16.f16.f32",,,,,,,,,
hennessy,run_attention_helion,20261005-125347_job20665,NVIDIA GB10,610.57.04,2026-10-05T12:53:47,sdpa,fp16,4,32,4096,64,False,6.2333,6.2126,6.2516,88.2,43.1,,,"void pytorch_flash::flash_fwd_kernel<Flash_fwd_kernel_traits<64, 128, 128, 4, false, false, cutlass::half_t, Flash_kernel_traits<64, 128, 128, 4, cutlass::half_t> >, false, false, false, false, true, true, false, false>(pytorch_flash::Flash_fwd_params)",,,,,,,,,
hennessy,run_attention_helion,20261005-125347_job20665,NVIDIA GB10,610.57.04,2026-10-05T12:53:47,helion,fp16,4,32,16384,64,False,111.3619,111.2787,111.4827,78.99,9.6,0.000448,788.59,"autotune=quick block_sizes=[1,128,16] num_warps=2 num_stages=1 pid_type=flat indexing=['pointer','pointer','pointer','pointer'] mma=mma.sync.aligned.m16n8k16.row.col.f32.f16.f16.f32",,,,,,,,,
hennessy,run_attention_helion,20261005-125347_job20665,NVIDIA GB10,610.57.04,2026-10-05T12:53:47,sdpa,fp16,4,32,16384,64,False,101.0055,100.9994,101.0143,87.09,10.6,,,"void pytorch_flash::flash_fwd_kernel<Flash_fwd_kernel_traits<64, 128, 128, 4, false, false, cutlass::half_t, Flash_kernel_traits<64, 128, 128, 4, cutlass::half_t> >, false, false, false, false, true, true, false, false>(pytorch_flash::Flash_fwd_params)",,,,,,,,,
hennessy,run_attention_helion,20261005-125347_job20665,NVIDIA GB10,610.57.04,2026-10-05T12:53:47,helion,fp16,4,32,1024,64,True,0.4681,0.4649,0.4711,36.7,143.4,0.000372,95.2,"autotune=quick block_sizes=[1,128,64] num_warps=4 num_stages=2 pid_type=flat indexing=['pointer','pointer','pointer','tensor_descriptor','pointer'] mma=mma.sync.aligned.m16n8k16.row.col.f32.f16.f16.f32",,,,,,,,,
hennessy,run_attention_helion,20261005-125347_job20665,NVIDIA GB10,610.57.04,2026-10-05T12:53:47,sdpa,fp16,4,32,1024,64,True,0.3348,0.3327,0.3369,51.31,200.4,,,"void pytorch_flash::flash_fwd_kernel<Flash_fwd_kernel_traits<64, 128, 128, 4, false, false, cutlass::half_t, Flash_kernel_traits<64, 128, 128, 4, cutlass::half_t> >, false, true, false, false, true, true, false, false>(pytorch_flash::Flash_fwd_params)",,,,,,,,,
hennessy,run_attention_helion,20261005-125347_job20665,NVIDIA GB10,610.57.04,2026-10-05T12:53:47,helion,fp16,4,32,4096,64,True,8.2627,8.2221,8.296,33.27,32.5,0.000386,86.31,"autotune=quick block_sizes=[1,32,64] num_warps=1 num_stages=1 pid_type=flat indexing=['pointer','pointer','pointer','pointer','pointer'] mma=mma.sync.aligned.m16n8k16.row.col.f32.f16.f16.f32",,,,,,,,,
hennessy,run_attention_helion,20261005-125347_job20665,NVIDIA GB10,610.57.04,2026-10-05T12:53:47,sdpa,fp16,4,32,4096,64,True,3.2023,3.1887,3.2196,85.84,83.8,,,"void pytorch_flash::flash_fwd_kernel<Flash_fwd_kernel_traits<64, 128, 128, 4, false, false, cutlass::half_t, Flash_kernel_traits<64, 128, 128, 4, cutlass::half_t> >, false, true, false, false, true, true, false, false>(pytorch_flash::Flash_fwd_params)",,,,,,,,,
hennessy,run_attention_helion,20261005-125347_job20665,NVIDIA GB10,610.57.04,2026-10-05T12:53:47,helion,fp16,4,32,16384,64,True,111.6422,111.6242,111.7184,39.39,9.6,0.000397,1186.95,"autotune=quick block_sizes=[1,64,64] num_warps=2 num_stages=2 pid_type=flat indexing=['pointer','pointer','pointer','pointer','pointer'] mma=mma.sync.aligned.m16n8k16.row.col.f32.f16.f16.f32",,,,,,,,,
hennessy,run_attention_helion,20261005-125347_job20665,NVIDIA GB10,610.57.04,2026-10-05T12:53:47,sdpa,fp16,4,32,16384,64,True,50.7157,50.675,50.7283,86.72,21.2,,,"void pytorch_flash::flash_fwd_kernel<Flash_fwd_kernel_traits<64, 128, 128, 4, false, false, cutlass::half_t, Flash_kernel_traits<64, 128, 128, 4, cutlass::half_t> >, false, true, false, false, true, true, false, false>(pytorch_flash::Flash_fwd_params)",,,,,,,,,
hennessy,run_attention_helion,20261005-125347_job20665,NVIDIA GB10,610.57.04,2026-10-05T12:53:47,helion,fp16,4,32,1024,128,False,0.8704,0.8663,0.8756,78.95,154.2,0.000431,87.34,"autotune=quick block_sizes=[1,128,32] num_warps=4 num_stages=2 pid_type=flat indexing=['pointer','tensor_descriptor','pointer','pointer'] mma=mma.sync.aligned.m16n8k16.row.col.f32.f16.f16.f32",,,,,,,,,
hennessy,run_attention_helion,20261005-125347_job20665,NVIDIA GB10,610.57.04,2026-10-05T12:53:47,sdpa,fp16,4,32,1024,128,False,1.0302,1.017,1.0364,66.7,130.3,,,"void pytorch_flash::flash_fwd_kernel<Flash_fwd_kernel_traits<128, 128, 64, 4, false, false, cutlass::half_t, Flash_kernel_traits<128, 128, 64, 4, cutlass::half_t> >, false, false, false, false, true, true, false, false>(pytorch_flash::Flash_fwd_params)",,,,,,,,,
hennessy,run_attention_helion,20261005-125347_job20665,NVIDIA GB10,610.57.04,2026-10-05T12:53:47,helion,fp16,4,32,4096,128,False,12.6167,12.6026,12.6219,87.15,42.6,0.000439,157.48,"autotune=quick block_sizes=[1,128,32] num_warps=4 num_stages=2 pid_type=flat indexing=['tensor_descriptor','tensor_descriptor','tensor_descriptor','tensor_descriptor'] mma=mma.sync.aligned.m16n8k16.row.col.f32.f16.f16.f32",,,,,,,,,
hennessy,run_attention_helion,20261005-125347_job20665,NVIDIA GB10,610.57.04,2026-10-05T12:53:47,sdpa,fp16,4,32,4096,128,False,13.2486,13.2249,13.2796,82.99,40.5,,,"void pytorch_flash::flash_fwd_kernel<Flash_fwd_kernel_traits<128, 128, 64, 4, false, false, cutlass::half_t, Flash_kernel_traits<128, 128, 64, 4, cutlass::half_t> >, false, false, false, false, true, true, false, false>(pytorch_flash::Flash_fwd_params)",,,,,,,,,
hennessy,run_attention_helion,20261005-125347_job20665,NVIDIA GB10,610.57.04,2026-10-05T12:53:47,helion,fp16,4,32,16384,128,False,264.7517,264.7517,264.7517,66.45,8.1,0.000447,1460.69,"autotune=quick block_sizes=[1,64,32] num_warps=2 num_stages=1 pid_type=flat indexing=['pointer','pointer','pointer','pointer'] mma=mma.sync.aligned.m16n8k16.row.col.f32.f16.f16.f32",,,,,,,,,
hennessy,run_attention_helion,20261005-125347_job20665,NVIDIA GB10,610.57.04,2026-10-05T12:53:47,sdpa,fp16,4,32,16384,128,False,210.0945,209.6634,210.5256,83.73,10.2,,,"void pytorch_flash::flash_fwd_kernel<Flash_fwd_kernel_traits<128, 128, 64, 4, false, false, cutlass::half_t, Flash_kernel_traits<128, 128, 64, 4, cutlass::half_t> >, false, false, false, false, true, true, false, false>(pytorch_flash::Flash_fwd_params)",,,,,,,,,
hennessy,run_attention_helion,20261005-125347_job20665,NVIDIA GB10,610.57.04,2026-10-05T12:53:47,helion,fp16,4,32,1024,128,True,1.0188,1.0127,1.0261,33.72,131.7,0.00037,77.67,"autotune=quick block_sizes=[1,256,32] num_warps=8 num_stages=2 pid_type=flat indexing=['tensor_descriptor','pointer','tensor_descriptor','tensor_descriptor','tensor_descriptor'] mma=mma.sync.aligned.m16n8k16.row.col.f32.f16.f16.f32",,,,,,,,,
hennessy,run_attention_helion,20261005-125347_job20665,NVIDIA GB10,610.57.04,2026-10-05T12:53:47,sdpa,fp16,4,32,1024,128,True,0.6246,0.6226,0.6267,55.01,214.9,,,"void pytorch_flash::flash_fwd_kernel<Flash_fwd_kernel_traits<128, 128, 64, 4, false, false, cutlass::half_t, Flash_kernel_traits<128, 128, 64, 4, cutlass::half_t> >, false, true, false, false, true, true, false, false>(pytorch_flash::Flash_fwd_params)",,,,,,,,,
hennessy,run_attention_helion,20261005-125347_job20665,NVIDIA GB10,610.57.04,2026-10-05T12:53:47,helion,fp16,4,32,4096,128,True,17.5811,17.5334,17.5917,31.27,30.5,0.000383,163.8,"autotune=quick block_sizes=[1,64,128] num_warps=1 num_stages=3 pid_type=flat indexing=['pointer','pointer','pointer','tensor_descriptor','tensor_descriptor'] mma=mma.sync.aligned.m16n8k16.row.col.f32.f16.f16.f32",,,,,,,,,
hennessy,run_attention_helion,20261005-125347_job20665,NVIDIA GB10,610.57.04,2026-10-05T12:53:47,sdpa,fp16,4,32,4096,128,True,6.76,6.74,6.7707,81.33,79.4,,,"void pytorch_flash::flash_fwd_kernel<Flash_fwd_kernel_traits<128, 128, 64, 4, false, false, cutlass::half_t, Flash_kernel_traits<128, 128, 64, 4, cutlass::half_t> >, false, true, false, false, true, true, false, false>(pytorch_flash::Flash_fwd_params)",,,,,,,,,
hennessy,run_attention_helion,20261005-125347_job20665,NVIDIA GB10,610.57.04,2026-10-05T12:53:47,helion,fp16,4,32,16384,128,True,208.7353,208.723,208.7477,42.14,10.3,0.000393,1861.54,"autotune=quick block_sizes=[1,128,32] num_warps=4 num_stages=2 pid_type=flat indexing=['pointer','pointer','pointer','pointer','pointer'] mma=mma.sync.aligned.m16n8k16.row.col.f32.f16.f16.f32",,,,,,,,,
hennessy,run_attention_helion,20261005-125347_job20665,NVIDIA GB10,610.57.04,2026-10-05T12:53:47,sdpa,fp16,4,32,16384,128,True,102.3055,102.2748,102.3376,85.98,21.0,,,"void pytorch_flash::flash_fwd_kernel<Flash_fwd_kernel_traits<128, 128, 64, 4, false, false, cutlass::half_t, Flash_kernel_traits<128, 128, 64, 4, cutlass::half_t> >, false, true, false, false, true, true, false, false>(pytorch_flash::Flash_fwd_params)",,,,,,,,,
hennessy,run_attention_triton,20261005-144850_job20682,NVIDIA GB10,610.57.04,2026-10-05T14:48:50,triton,fp16,4,32,1024,128,False,0.8888,0.8868,0.8919,77.31,151.0,0.00036,3.26,BM=128 BN=64 stages=3 num_warps=8 mma=mma.sync.aligned.m16n8k16.row.col.f32.f16.f16.f32,,,,,,,,,
hennessy,run_attention_triton,20261005-144850_job20682,NVIDIA GB10,610.57.04,2026-10-05T14:48:50,sdpa,fp16,4,32,1024,128,False,1.0027,0.9965,1.015,68.54,133.9,,,"void pytorch_flash::flash_fwd_kernel<Flash_fwd_kernel_traits<128, 128, 64, 4, false, false, cutlass::half_t, Flash_kernel_traits<128, 128, 64, 4, cutlass::half_t> >, false, false, false, false, true, true, false, false>(pytorch_flash::Flash_fwd_params)",,,,,,,,,
hennessy,run_attention_triton,20261005-144850_job20682,NVIDIA GB10,610.57.04,2026-10-05T14:48:50,triton,fp16,4,32,4096,128,False,11.9951,11.9794,12.0109,91.66,44.8,0.000376,5.56,BM=128 BN=32 stages=2 num_warps=4 mma=mma.sync.aligned.m16n8k16.row.col.f32.f16.f16.f32,,,,,,,,,
hennessy,run_attention_triton,20261005-144850_job20682,NVIDIA GB10,610.57.04,2026-10-05T14:48:50,sdpa,fp16,4,32,4096,128,False,12.9643,12.9446,12.9886,84.81,41.4,,,"void pytorch_flash::flash_fwd_kernel<Flash_fwd_kernel_traits<128, 128, 64, 4, false, false, cutlass::half_t, Flash_kernel_traits<128, 128, 64, 4, cutlass::half_t> >, false, false, false, false, true, true, false, false>(pytorch_flash::Flash_fwd_params)",,,,,,,,,
hennessy,run_attention_triton,20261005-144850_job20682,NVIDIA GB10,610.57.04,2026-10-05T14:48:50,triton,fp16,4,32,1024,128,True,0.6224,0.6205,0.6236,55.2,215.6,0.000214,0.34,BM=128 BN=64 stages=3 num_warps=8 mma=mma.sync.aligned.m16n8k16.row.col.f32.f16.f16.f32,,,,,,,,,
hennessy,run_attention_triton,20261005-144850_job20682,NVIDIA GB10,610.57.04,2026-10-05T14:48:50,sdpa,fp16,4,32,1024,128,True,0.638,0.6369,0.64,53.86,210.4,,,"void pytorch_flash::flash_fwd_kernel<Flash_fwd_kernel_traits<128, 128, 64, 4, false, false, cutlass::half_t, Flash_kernel_traits<128, 128, 64, 4, cutlass::half_t> >, false, true, false, false, true, true, false, false>(pytorch_flash::Flash_fwd_params)",,,,,,,,,
hennessy,run_attention_triton,20261005-144850_job20682,NVIDIA GB10,610.57.04,2026-10-05T14:48:50,triton,fp16,4,32,4096,128,True,6.529,6.5144,6.5425,84.2,82.2,0.00026,0.01,BM=128 BN=32 stages=2 num_warps=4 mma=mma.sync.aligned.m16n8k16.row.col.f32.f16.f16.f32,,,,,,,,,
hennessy,run_attention_triton,20261005-144850_job20682,NVIDIA GB10,610.57.04,2026-10-05T14:48:50,sdpa,fp16,4,32,4096,128,True,6.5271,6.521,6.5359,84.23,82.3,,,"void pytorch_flash::flash_fwd_kernel<Flash_fwd_kernel_traits<128, 128, 64, 4, false, false, cutlass::half_t, Flash_kernel_traits<128, 128, 64, 4, cutlass::half_t> >, false, true, false, false, true, true, false, false>(pytorch_flash::Flash_fwd_params)",,,,,,,,,
hennessy-energia,run_attention_cutlass,20261008-233621_job20850,NVIDIA GB10,610.57.04,2026-10-08T23:36:21,cutlass,fp16,4,32,4096,128,False,12.3202,12.2741,12.7394,89.24,43.6,0.000136,66.01,FlashAttentionForwardAmpere BM=128 BN=128 hilos=256 mma=mma.sync.aligned.m16n8k16.row.col.f32.f16.f16.f32,2411.0,90.2,2125.0,94.3,14.7,1181.8477,87.73,930.3,1102.1
hennessy-energia,run_attention_cutlass,20261008-233621_job20850,NVIDIA GB10,610.57.04,2026-10-08T23:36:21,sdpa,fp16,4,32,4096,128,False,13.6067,13.5565,14.0987,80.81,39.5,,,"void pytorch_flash::flash_fwd_kernel<Flash_fwd_kernel_traits<128, 128, 64, 4, false, false, cutlass::half_t, Flash_kernel_traits<128, 128, 64, 4, cutlass::half_t> >, false, false, false, false, true, true, false, false>(pytorch_flash::Flash_fwd_params)",2125.0,94.1,2216.0,94.6,14.7,1300.8514,79.96,845.2,1000.7
hennessy-energia,run_attention_cutlass,20261008-233621_job20850,NVIDIA GB10,610.57.04,2026-10-08T23:36:21,cutlass,fp16,4,32,4096,128,True,6.4547,6.4236,6.6612,85.17,83.2,0.000127,61.82,FlashAttentionForwardAmpere BM=128 BN=128 hilos=256 mma=mma.sync.aligned.m16n8k16.row.col.f32.f16.f16.f32,2190.5,91.4,2119,92.1,14.7,610.9557,82.87,899.8,1070.7
hennessy-energia,run_attention_cutlass,20261008-233621_job20850,NVIDIA GB10,610.57.04,2026-10-08T23:36:21,sdpa,fp16,4,32,4096,128,True,6.8532,6.8154,7.1322,80.22,78.3,,,"void pytorch_flash::flash_fwd_kernel<Flash_fwd_kernel_traits<128, 128, 64, 4, false, false, cutlass::half_t, Flash_kernel_traits<128, 128, 64, 4, cutlass::half_t> >, false, true, false, false, true, true, false, false>(pytorch_flash::Flash_fwd_params)",2119.0,89.8,2210.0,92.6,14.7,648.1113,78.55,848.2,1008.3
hennessy-energia,run_attention_helion,20261008-234434_job20850,NVIDIA GB10,610.57.04,2026-10-08T23:44:34,helion,fp16,4,32,4096,128,False,13.0703,13.0468,13.5237,84.12,41.1,0.000439,147.9,"autotune=quick block_sizes=[1,128,32] num_warps=4 num_stages=2 pid_type=flat indexing=['pointer','tensor_descriptor','pointer','pointer'] mma=mma.sync.aligned.m16n8k16.row.col.f32.f16.f16.f32",2418.0,95.1,2132.0,94.7,16.1,1256.296,82.88,875.2,1054.5
hennessy-energia,run_attention_helion,20261008-234434_job20850,NVIDIA GB10,610.57.04,2026-10-08T23:44:34,sdpa,fp16,4,32,4096,128,False,13.6334,13.5315,14.0415,80.65,39.4,,,"void pytorch_flash::flash_fwd_kernel<Flash_fwd_kernel_traits<128, 128, 64, 4, false, false, cutlass::half_t, Flash_kernel_traits<128, 128, 64, 4, cutlass::half_t> >, false, false, false, false, true, true, false, false>(pytorch_flash::Flash_fwd_params)",2125.0,94.3,2216,94.6,16.1,1297.3147,80.18,847.5,1021.4
hennessy-energia,run_attention_helion,20261008-234434_job20850,NVIDIA GB10,610.57.04,2026-10-08T23:44:34,helion,fp16,4,32,4096,128,True,13.5322,13.5072,13.7704,40.63,39.7,0.000382,292.37,"autotune=quick block_sizes=[1,128,32] num_warps=4 num_stages=2 pid_type=flat indexing=['pointer','pointer','tensor_descriptor','tensor_descriptor','pointer'] mma=mma.sync.aligned.m16n8k16.row.col.f32.f16.f16.f32",2418.0,112.6,2164,94.0,16.1,1292.8209,39.97,425.2,513.1
hennessy-energia,run_attention_helion,20261008-234434_job20850,NVIDIA GB10,610.57.04,2026-10-08T23:44:34,sdpa,fp16,4,32,4096,128,True,6.8627,6.8221,7.1271,80.11,78.2,,,"void pytorch_flash::flash_fwd_kernel<Flash_fwd_kernel_traits<128, 128, 64, 4, false, false, cutlass::half_t, Flash_kernel_traits<128, 128, 64, 4, cutlass::half_t> >, false, true, false, false, true, true, false, false>(pytorch_flash::Flash_fwd_params)",2158.0,93.6,2210.0,92.4,16.1,646.1208,78.62,850.9,1030.4
hennessy-energia,run_attention_triton,20261008-234530_job20850,NVIDIA GB10,610.57.04,2026-10-08T23:45:30,triton,fp16,4,32,4096,128,False,12.5336,12.5028,12.5614,87.72,42.8,0.000376,5.96,BM=128 BN=32 stages=2 num_warps=4 mma=mma.sync.aligned.m16n8k16.row.col.f32.f16.f16.f32,2411,17.3,2171,94.7,16.6,1203.5148,86.52,913.6,1107.8
hennessy-energia,run_attention_triton,20261008-234530_job20850,NVIDIA GB10,610.57.04,2026-10-08T23:45:30,sdpa,fp16,4,32,4096,128,False,13.5906,13.5524,14.0337,80.9,39.5,,,"void pytorch_flash::flash_fwd_kernel<Flash_fwd_kernel_traits<128, 128, 64, 4, false, false, cutlass::half_t, Flash_kernel_traits<128, 128, 64, 4, cutlass::half_t> >, false, false, false, false, true, true, false, false>(pytorch_flash::Flash_fwd_params)",2171.0,93.5,2216,94.6,16.6,1298.7156,80.09,846.6,1026.8
hennessy-energia,run_attention_triton,20261008-234530_job20850,NVIDIA GB10,610.57.04,2026-10-08T23:45:30,triton,fp16,4,32,4096,128,True,6.8368,6.7993,7.1939,80.41,78.5,0.00026,0.01,BM=128 BN=32 stages=2 num_warps=4 mma=mma.sync.aligned.m16n8k16.row.col.f32.f16.f16.f32,2216,94.4,2203,92.2,16.6,644.0733,78.7,853.6,1041.0
hennessy-energia,run_attention_triton,20261008-234530_job20850,NVIDIA GB10,610.57.04,2026-10-08T23:45:30,sdpa,fp16,4,32,4096,128,True,6.8798,6.8325,7.1371,79.91,78.0,,,"void pytorch_flash::flash_fwd_kernel<Flash_fwd_kernel_traits<128, 128, 64, 4, false, false, cutlass::half_t, Flash_kernel_traits<128, 128, 64, 4, cutlass::half_t> >, false, true, false, false, true, true, false, false>(pytorch_flash::Flash_fwd_params)",2203,91.8,2216,92.7,16.6,646.0373,78.88,851.0,1036.6
hennessy-frio,run_attention_cutlass,20261008-160934_job20842,NVIDIA GB10,610.57.04,2026-10-08T16:09:34,cutlass,fp16,4,32,4096,128,False,12.0934,12.0649,12.5413,90.92,44.4,0.000136,7.74,FlashAttentionForwardAmpere BM=128 BN=128 hilos=256 mma=mma.sync.aligned.m16n8k16.row.col.f32.f16.f16.f32,2418.0,49.8,,,,,,,
hennessy-frio,run_attention_cutlass,20261008-160934_job20842,NVIDIA GB10,610.57.04,2026-10-08T16:09:34,sdpa,fp16,4,32,4096,128,False,13.2874,13.2388,13.7456,82.75,40.4,,,"void pytorch_flash::flash_fwd_kernel<Flash_fwd_kernel_traits<128, 128, 64, 4, false, false, cutlass::half_t, Flash_kernel_traits<128, 128, 64, 4, cutlass::half_t> >, false, false, false, false, true, true, false, false>(pytorch_flash::Flash_fwd_params)",2255,83.4,,,,,,,
hennessy-frio,run_attention_helion,20261008-161152_job20842,NVIDIA GB10,610.57.04,2026-10-08T16:11:52,helion,fp16,4,32,4096,128,False,12.9725,12.9516,13.484,84.76,41.4,0.000439,127.62,"autotune=quick block_sizes=[1,128,32] num_warps=4 num_stages=2 pid_type=flat indexing=['tensor_descriptor','pointer','tensor_descriptor','pointer'] mma=mma.sync.aligned.m16n8k16.row.col.f32.f16.f16.f32",2418.0,20.8,,,,,,,
hennessy-frio,run_attention_helion,20261008-161152_job20842,NVIDIA GB10,610.57.04,2026-10-08T16:11:52,sdpa,fp16,4,32,4096,128,False,13.4932,13.451,13.9749,81.49,39.8,,,"void pytorch_flash::flash_fwd_kernel<Flash_fwd_kernel_traits<128, 128, 64, 4, false, false, cutlass::half_t, Flash_kernel_traits<128, 128, 64, 4, cutlass::half_t> >, false, false, false, false, true, true, false, false>(pytorch_flash::Flash_fwd_params)",2210,67.6,,,,,,,
hennessy-frio,run_attention_triton,20261008-161217_job20842,NVIDIA GB10,610.57.04,2026-10-08T16:12:17,triton,fp16,4,32,4096,128,False,12.3576,12.3079,12.7302,88.97,43.4,0.000376,15.22,BM=128 BN=32 stages=2 num_warps=4 mma=mma.sync.aligned.m16n8k16.row.col.f32.f16.f16.f32,2418,20.6,,,,,,,
hennessy-frio,run_attention_triton,20261008-161217_job20842,NVIDIA GB10,610.57.04,2026-10-08T16:12:17,sdpa,fp16,4,32,4096,128,False,13.2997,13.2796,13.7826,82.67,40.4,,,"void pytorch_flash::flash_fwd_kernel<Flash_fwd_kernel_traits<128, 128, 64, 4, false, false, cutlass::half_t, Flash_kernel_traits<128, 128, 64, 4, cutlass::half_t> >, false, false, false, false, true, true, false, false>(pytorch_flash::Flash_fwd_params)",2275.0,65.3,,,,,,,
pascal,run_attention_cutlass,20261004-222048_job20648,NVIDIA GeForce RTX 5090,610.43.02,2026-10-04T22:20:48,cutlass,fp16,4,32,1024,64,False,0.2376,0.2355,0.2376,144.63,282.5,0.000167,5.49,FlashAttentionForwardAmpere BM=64 BN=64 hilos=128 mma=mma.sync.aligned.m16n8k16.row.col.f32.f16.f16.f32,,,,,,,,,
pascal,run_attention_cutlass,20261004-222048_job20648,NVIDIA GeForce RTX 5090,610.43.02,2026-10-04T22:20:48,sdpa,fp16,4,32,1024,64,False,0.256,0.255,0.2561,134.22,262.1,,,"void pytorch_flash::flash_fwd_kernel<Flash_fwd_kernel_traits<64, 128, 128, 4, false, false, cutlass::half_t, Flash_kernel_traits<64, 128, 128, 4, cutlass::half_t> >, false, false, false, false, true, true, false, false>(pytorch_flash::Flash_fwd_params)",,,,,,,,,
pascal,run_attention_cutlass,20261004-222048_job20648,NVIDIA GeForce RTX 5090,610.43.02,2026-10-04T22:20:48,cutlass,fp16,4,32,4096,64,False,3.3608,3.3536,3.3679,163.58,79.9,0.000136,5.08,FlashAttentionForwardAmpere BM=64 BN=64 hilos=128 mma=mma.sync.aligned.m16n8k16.row.col.f32.f16.f16.f32,,,,,,,,,
pascal,run_attention_cutlass,20261004-222048_job20648,NVIDIA GeForce RTX 5090,610.43.02,2026-10-04T22:20:48,sdpa,fp16,4,32,4096,64,False,3.4794,3.4763,3.4846,158.0,77.1,,,"void pytorch_flash::flash_fwd_kernel<Flash_fwd_kernel_traits<64, 128, 128, 4, false, false, cutlass::half_t, Flash_kernel_traits<64, 128, 128, 4, cutlass::half_t> >, false, false, false, false, true, true, false, false>(pytorch_flash::Flash_fwd_params)",,,,,,,,,
pascal,run_attention_cutlass,20261004-222048_job20648,NVIDIA GeForce RTX 5090,610.43.02,2026-10-04T22:20:48,cutlass,fp16,4,32,16384,64,False,52.5558,52.5429,52.583,167.37,20.4,0.000108,7.75,FlashAttentionForwardAmpere BM=64 BN=64 hilos=128 mma=mma.sync.aligned.m16n8k16.row.col.f32.f16.f16.f32,,,,,,,,,
pascal,run_attention_cutlass,20261004-222048_job20648,NVIDIA GeForce RTX 5090,610.43.02,2026-10-04T22:20:48,sdpa,fp16,4,32,16384,64,False,53.761,53.7235,53.7907,163.61,20.0,,,"void pytorch_flash::flash_fwd_kernel<Flash_fwd_kernel_traits<64, 128, 128, 4, false, false, cutlass::half_t, Flash_kernel_traits<64, 128, 128, 4, cutlass::half_t> >, false, false, false, false, true, true, false, false>(pytorch_flash::Flash_fwd_params)",,,,,,,,,
pascal,run_attention_cutlass,20261004-222048_job20648,NVIDIA GeForce RTX 5090,610.43.02,2026-10-04T22:20:48,cutlass,fp16,4,32,1024,64,True,0.154,0.152,0.1561,111.52,435.6,1e-05,5.46,FlashAttentionForwardAmpere BM=64 BN=128 hilos=128 mma=mma.sync.aligned.m16n8k16.row.col.f32.f16.f16.f32,,,,,,,,,
pascal,run_attention_cutlass,20261004-222048_job20648,NVIDIA GeForce RTX 5090,610.43.02,2026-10-04T22:20:48,sdpa,fp16,4,32,1024,64,True,0.172,0.1699,0.1741,99.86,390.1,,,"void pytorch_flash::flash_fwd_kernel<Flash_fwd_kernel_traits<64, 128, 128, 4, false, false, cutlass::half_t, Flash_kernel_traits<64, 128, 128, 4, cutlass::half_t> >, false, true, false, false, true, true, false, false>(pytorch_flash::Flash_fwd_params)",,,,,,,,,
pascal,run_attention_cutlass,20261004-222048_job20648,NVIDIA GeForce RTX 5090,610.43.02,2026-10-04T22:20:48,cutlass,fp16,4,32,4096,64,True,1.7874,1.7781,1.7996,153.79,150.2,0.000126,5.55,FlashAttentionForwardAmpere BM=64 BN=64 hilos=128 mma=mma.sync.aligned.m16n8k16.row.col.f32.f16.f16.f32,,,,,,,,,
pascal,run_attention_cutlass,20261004-222048_job20648,NVIDIA GeForce RTX 5090,610.43.02,2026-10-04T22:20:48,sdpa,fp16,4,32,4096,64,True,1.8831,1.8702,1.8934,145.97,142.5,,,"void pytorch_flash::flash_fwd_kernel<Flash_fwd_kernel_traits<64, 128, 128, 4, false, false, cutlass::half_t, Flash_kernel_traits<64, 128, 128, 4, cutlass::half_t> >, false, true, false, false, true, true, false, false>(pytorch_flash::Flash_fwd_params)",,,,,,,,,
pascal,run_attention_cutlass,20261004-222048_job20648,NVIDIA GeForce RTX 5090,610.43.02,2026-10-04T22:20:48,cutlass,fp16,4,32,16384,64,True,26.787,26.7372,26.8138,164.19,40.1,0.000126,6.66,FlashAttentionForwardAmpere BM=64 BN=64 hilos=128 mma=mma.sync.aligned.m16n8k16.row.col.f32.f16.f16.f32,,,,,,,,,
pascal,run_attention_cutlass,20261004-222048_job20648,NVIDIA GeForce RTX 5090,610.43.02,2026-10-04T22:20:48,sdpa,fp16,4,32,16384,64,True,27.5087,27.4459,27.5319,159.88,39.0,,,"void pytorch_flash::flash_fwd_kernel<Flash_fwd_kernel_traits<64, 128, 128, 4, false, false, cutlass::half_t, Flash_kernel_traits<64, 128, 128, 4, cutlass::half_t> >, false, true, false, false, true, true, false, false>(pytorch_flash::Flash_fwd_params)",,,,,,,,,
pascal,run_attention_cutlass,20261004-222048_job20648,NVIDIA GeForce RTX 5090,610.43.02,2026-10-04T22:20:48,cutlass,fp16,4,32,1024,128,False,0.4674,0.4674,0.4685,147.02,287.1,1.9e-05,7.71,FlashAttentionForwardAmpere BM=64 BN=64 hilos=128 mma=mma.sync.aligned.m16n8k16.row.col.f32.f16.f16.f32,,,,,,,,,
pascal,run_attention_cutlass,20261004-222048_job20648,NVIDIA GeForce RTX 5090,610.43.02,2026-10-04T22:20:48,sdpa,fp16,4,32,1024,128,False,0.5499,0.5489,0.5509,124.97,244.1,,,"void pytorch_flash::flash_fwd_kernel<Flash_fwd_kernel_traits<128, 128, 64, 4, false, false, cutlass::half_t, Flash_kernel_traits<128, 128, 64, 4, cutlass::half_t> >, false, false, false, false, true, true, false, false>(pytorch_flash::Flash_fwd_params)",,,,,,,,,
pascal,run_attention_cutlass,20261004-222048_job20648,NVIDIA GeForce RTX 5090,610.43.02,2026-10-04T22:20:48,cutlass,fp16,4,32,4096,128,False,6.8659,6.8597,6.8779,160.14,78.2,3e-05,7.87,FlashAttentionForwardAmpere BM=64 BN=64 hilos=128 mma=mma.sync.aligned.m16n8k16.row.col.f32.f16.f16.f32,,,,,,,,,
pascal,run_attention_cutlass,20261004-222048_job20648,NVIDIA GeForce RTX 5090,610.43.02,2026-10-04T22:20:48,sdpa,fp16,4,32,4096,128,False,7.4577,7.4557,7.4588,147.43,72.0,,,"void pytorch_flash::flash_fwd_kernel<Flash_fwd_kernel_traits<128, 128, 64, 4, false, false, cutlass::half_t, Flash_kernel_traits<128, 128, 64, 4, cutlass::half_t> >, false, false, false, false, true, true, false, false>(pytorch_flash::Flash_fwd_params)",,,,,,,,,
pascal,run_attention_cutlass,20261004-222048_job20648,NVIDIA GeForce RTX 5090,610.43.02,2026-10-04T22:20:48,cutlass,fp16,4,32,16384,128,False,106.8513,106.8296,106.8587,164.64,20.1,0.000107,13.79,FlashAttentionForwardAmpere BM=128 BN=128 hilos=256 mma=mma.sync.aligned.m16n8k16.row.col.f32.f16.f16.f32,,,,,,,,,
pascal,run_attention_cutlass,20261004-222048_job20648,NVIDIA GeForce RTX 5090,610.43.02,2026-10-04T22:20:48,sdpa,fp16,4,32,16384,128,False,114.8539,114.848,114.8615,153.17,18.7,,,"void pytorch_flash::flash_fwd_kernel<Flash_fwd_kernel_traits<128, 128, 64, 4, false, false, cutlass::half_t, Flash_kernel_traits<128, 128, 64, 4, cutlass::half_t> >, false, false, false, false, true, true, false, false>(pytorch_flash::Flash_fwd_params)",,,,,,,,,
pascal,run_attention_cutlass,20261004-222048_job20648,NVIDIA GeForce RTX 5090,610.43.02,2026-10-04T22:20:48,cutlass,fp16,4,32,1024,128,True,0.2785,0.2751,0.2816,123.36,481.9,1.1e-05,8.59,FlashAttentionForwardAmpere BM=64 BN=64 hilos=128 mma=mma.sync.aligned.m16n8k16.row.col.f32.f16.f16.f32,,,,,,,,,
pascal,run_attention_cutlass,20261004-222048_job20648,NVIDIA GeForce RTX 5090,610.43.02,2026-10-04T22:20:48,sdpa,fp16,4,32,1024,128,True,0.3277,0.3257,0.3287,104.86,409.6,,,"void pytorch_flash::flash_fwd_kernel<Flash_fwd_kernel_traits<128, 128, 64, 4, false, false, cutlass::half_t, Flash_kernel_traits<128, 128, 64, 4, cutlass::half_t> >, false, true, false, false, true, true, false, false>(pytorch_flash::Flash_fwd_params)",,,,,,,,,
pascal,run_attention_cutlass,20261004-222048_job20648,NVIDIA GeForce RTX 5090,610.43.02,2026-10-04T22:20:48,cutlass,fp16,4,32,4096,128,True,3.5558,3.5455,3.5663,154.61,151.0,1.4e-05,8.63,FlashAttentionForwardAmpere BM=64 BN=64 hilos=128 mma=mma.sync.aligned.m16n8k16.row.col.f32.f16.f16.f32,,,,,,,,,
pascal,run_attention_cutlass,20261004-222048_job20648,NVIDIA GeForce RTX 5090,610.43.02,2026-10-04T22:20:48,sdpa,fp16,4,32,4096,128,True,3.9055,3.8994,3.9096,140.76,137.5,,,"void pytorch_flash::flash_fwd_kernel<Flash_fwd_kernel_traits<128, 128, 64, 4, false, false, cutlass::half_t, Flash_kernel_traits<128, 128, 64, 4, cutlass::half_t> >, false, true, false, false, true, true, false, false>(pytorch_flash::Flash_fwd_params)",,,,,,,,,
pascal,run_attention_cutlass,20261004-222048_job20648,NVIDIA GeForce RTX 5090,610.43.02,2026-10-04T22:20:48,cutlass,fp16,4,32,16384,128,True,54.2351,54.1995,54.2826,162.18,39.6,2e-05,11.43,FlashAttentionForwardAmpere BM=64 BN=64 hilos=128 mma=mma.sync.aligned.m16n8k16.row.col.f32.f16.f16.f32,,,,,,,,,
pascal,run_attention_cutlass,20261004-222048_job20648,NVIDIA GeForce RTX 5090,610.43.02,2026-10-04T22:20:48,sdpa,fp16,4,32,16384,128,True,57.6947,57.6891,57.7001,152.46,37.2,,,"void pytorch_flash::flash_fwd_kernel<Flash_fwd_kernel_traits<128, 128, 64, 4, false, false, cutlass::half_t, Flash_kernel_traits<128, 128, 64, 4, cutlass::half_t> >, false, true, false, false, true, true, false, false>(pytorch_flash::Flash_fwd_params)",,,,,,,,,
pascal,run_attention_helion,20261004-224724_job20648,NVIDIA GeForce RTX 5090,610.43.02,2026-10-04T22:47:24,helion,fp16,4,32,1024,64,False,0.2637,0.2633,0.2652,130.28,254.4,0.000433,65.13,"autotune=quick block_sizes=[1,32,32] num_warps=1 num_stages=2 pid_type=flat indexing=['tensor_descriptor','pointer','pointer','pointer'] mma=mma.sync.aligned.m16n8k16.row.col.f32.f16.f16.f32",,,,,,,,,
pascal,run_attention_helion,20261004-224724_job20648,NVIDIA GeForce RTX 5090,610.43.02,2026-10-04T22:47:24,sdpa,fp16,4,32,1024,64,False,0.2539,0.2538,0.2542,135.32,264.3,,,"void pytorch_flash::flash_fwd_kernel<Flash_fwd_kernel_traits<64, 128, 128, 4, false, false, cutlass::half_t, Flash_kernel_traits<64, 128, 128, 4, cutlass::half_t> >, false, false, false, false, true, true, false, false>(pytorch_flash::Flash_fwd_params)",,,,,,,,,
pascal,run_attention_helion,20261004-224724_job20648,NVIDIA GeForce RTX 5090,610.43.02,2026-10-04T22:47:24,helion,fp16,4,32,4096,64,False,3.4063,3.4046,3.4094,161.4,78.8,0.000442,46.35,"autotune=quick block_sizes=[1,64,32] num_warps=4 num_stages=2 pid_type=flat indexing=['tensor_descriptor','pointer','tensor_descriptor','tensor_descriptor'] mma=mma.sync.aligned.m16n8k16.row.col.f32.f16.f16.f32",,,,,,,,,
pascal,run_attention_helion,20261004-224724_job20648,NVIDIA GeForce RTX 5090,610.43.02,2026-10-04T22:47:24,sdpa,fp16,4,32,4096,64,False,3.4762,3.4744,3.4785,158.15,77.2,,,"void pytorch_flash::flash_fwd_kernel<Flash_fwd_kernel_traits<64, 128, 128, 4, false, false, cutlass::half_t, Flash_kernel_traits<64, 128, 128, 4, cutlass::half_t> >, false, false, false, false, true, true, false, false>(pytorch_flash::Flash_fwd_params)",,,,,,,,,
pascal,run_attention_helion,20261004-224724_job20648,NVIDIA GeForce RTX 5090,610.43.02,2026-10-04T22:47:24,helion,fp16,4,32,16384,64,False,52.6653,52.6531,52.694,167.02,20.4,0.000449,193.46,"autotune=quick block_sizes=[1,128,64] num_warps=4 num_stages=2 pid_type=flat indexing=['tensor_descriptor','tensor_descriptor','tensor_descriptor','tensor_descriptor'] mma=mma.sync.aligned.m16n8k16.row.col.f32.f16.f16.f32",,,,,,,,,
pascal,run_attention_helion,20261004-224724_job20648,NVIDIA GeForce RTX 5090,610.43.02,2026-10-04T22:47:24,sdpa,fp16,4,32,16384,64,False,53.7119,53.6857,53.7367,163.76,20.0,,,"void pytorch_flash::flash_fwd_kernel<Flash_fwd_kernel_traits<64, 128, 128, 4, false, false, cutlass::half_t, Flash_kernel_traits<64, 128, 128, 4, cutlass::half_t> >, false, false, false, false, true, true, false, false>(pytorch_flash::Flash_fwd_params)",,,,,,,,,
pascal,run_attention_helion,20261004-224724_job20648,NVIDIA GeForce RTX 5090,610.43.02,2026-10-04T22:47:24,helion,fp16,4,32,1024,64,True,0.2397,0.2391,0.241,71.67,280.0,0.000373,68.46,"autotune=quick block_sizes=[1,64,64] num_warps=4 num_stages=2 pid_type=flat indexing=['pointer','pointer','pointer','pointer','pointer'] mma=mma.sync.aligned.m16n8k16.row.col.f32.f16.f16.f32",,,,,,,,,
pascal,run_attention_helion,20261004-224724_job20648,NVIDIA GeForce RTX 5090,610.43.02,2026-10-04T22:47:24,sdpa,fp16,4,32,1024,64,True,0.1721,0.1699,0.1756,99.83,390.0,,,"void pytorch_flash::flash_fwd_kernel<Flash_fwd_kernel_traits<64, 128, 128, 4, false, false, cutlass::half_t, Flash_kernel_traits<64, 128, 128, 4, cutlass::half_t> >, false, true, false, false, true, true, false, false>(pytorch_flash::Flash_fwd_params)",,,,,,,,,
pascal,run_attention_helion,20261004-224724_job20648,NVIDIA GeForce RTX 5090,610.43.02,2026-10-04T22:47:24,helion,fp16,4,32,4096,64,True,3.4237,3.4196,3.4309,80.29,78.4,0.000384,53.54,"autotune=quick block_sizes=[1,64,64] num_warps=4 num_stages=2 pid_type=flat indexing=['pointer','pointer','tensor_descriptor','pointer','pointer'] mma=mma.sync.aligned.m16n8k16.row.col.f32.f16.f16.f32",,,,,,,,,
pascal,run_attention_helion,20261004-224724_job20648,NVIDIA GeForce RTX 5090,610.43.02,2026-10-04T22:47:24,sdpa,fp16,4,32,4096,64,True,1.8831,1.873,1.8933,145.97,142.5,,,"void pytorch_flash::flash_fwd_kernel<Flash_fwd_kernel_traits<64, 128, 128, 4, false, false, cutlass::half_t, Flash_kernel_traits<64, 128, 128, 4, cutlass::half_t> >, false, true, false, false, true, true, false, false>(pytorch_flash::Flash_fwd_params)",,,,,,,,,
pascal,run_attention_helion,20261004-224724_job20648,NVIDIA GeForce RTX 5090,610.43.02,2026-10-04T22:47:24,helion,fp16,4,32,16384,64,True,57.2672,57.2314,57.2903,76.8,18.7,0.000397,128.37,"autotune=quick block_sizes=[1,32,16] num_warps=1 num_stages=2 pid_type=flat indexing=['pointer','pointer','pointer','pointer','pointer'] mma=mma.sync.aligned.m16n8k16.row.col.f32.f16.f16.f32",,,,,,,,,
pascal,run_attention_helion,20261004-224724_job20648,NVIDIA GeForce RTX 5090,610.43.02,2026-10-04T22:47:24,sdpa,fp16,4,32,16384,64,True,27.4739,27.4467,27.5413,160.08,39.1,,,"void pytorch_flash::flash_fwd_kernel<Flash_fwd_kernel_traits<64, 128, 128, 4, false, false, cutlass::half_t, Flash_kernel_traits<64, 128, 128, 4, cutlass::half_t> >, false, true, false, false, true, true, false, false>(pytorch_flash::Flash_fwd_params)",,,,,,,,,
pascal,run_attention_helion,20261004-224724_job20648,NVIDIA GeForce RTX 5090,610.43.02,2026-10-04T22:47:24,helion,fp16,4,32,1024,128,False,0.5299,0.5288,0.5329,129.69,253.3,0.00043,57.14,"autotune=quick block_sizes=[1,32,16] num_warps=1 num_stages=2 pid_type=flat indexing=['tensor_descriptor','pointer','pointer','pointer'] mma=mma.sync.aligned.m16n8k16.row.col.f32.f16.f16.f32",,,,,,,,,
pascal,run_attention_helion,20261004-224724_job20648,NVIDIA GeForce RTX 5090,610.43.02,2026-10-04T22:47:24,sdpa,fp16,4,32,1024,128,False,0.5505,0.549,0.551,124.84,243.8,,,"void pytorch_flash::flash_fwd_kernel<Flash_fwd_kernel_traits<128, 128, 64, 4, false, false, cutlass::half_t, Flash_kernel_traits<128, 128, 64, 4, cutlass::half_t> >, false, false, false, false, true, true, false, false>(pytorch_flash::Flash_fwd_params)",,,,,,,,,
pascal,run_attention_helion,20261004-224724_job20648,NVIDIA GeForce RTX 5090,610.43.02,2026-10-04T22:47:24,helion,fp16,4,32,4096,128,False,7.5896,7.5832,7.5955,144.87,70.7,0.00044,78.07,"autotune=quick block_sizes=[1,32,32] num_warps=1 num_stages=1 pid_type=flat indexing=['pointer','pointer','pointer','tensor_descriptor'] mma=mma.sync.aligned.m16n8k16.row.col.f32.f16.f16.f32",,,,,,,,,
pascal,run_attention_helion,20261004-224724_job20648,NVIDIA GeForce RTX 5090,610.43.02,2026-10-04T22:47:24,sdpa,fp16,4,32,4096,128,False,7.4552,7.4537,7.4577,147.48,72.0,,,"void pytorch_flash::flash_fwd_kernel<Flash_fwd_kernel_traits<128, 128, 64, 4, false, false, cutlass::half_t, Flash_kernel_traits<128, 128, 64, 4, cutlass::half_t> >, false, false, false, false, true, true, false, false>(pytorch_flash::Flash_fwd_params)",,,,,,,,,
pascal,run_attention_helion,20261004-224724_job20648,NVIDIA GeForce RTX 5090,610.43.02,2026-10-04T22:47:24,helion,fp16,4,32,16384,128,False,117.3745,117.3299,117.4051,149.88,18.3,0.000447,447.36,"autotune=quick block_sizes=[1,32,32] num_warps=1 num_stages=1 pid_type=flat indexing=['pointer','tensor_descriptor','pointer','pointer'] mma=mma.sync.aligned.m16n8k16.row.col.f32.f16.f16.f32",,,,,,,,,
pascal,run_attention_helion,20261004-224724_job20648,NVIDIA GeForce RTX 5090,610.43.02,2026-10-04T22:47:24,sdpa,fp16,4,32,16384,128,False,114.9481,114.9413,114.9499,153.04,18.7,,,"void pytorch_flash::flash_fwd_kernel<Flash_fwd_kernel_traits<128, 128, 64, 4, false, false, cutlass::half_t, Flash_kernel_traits<128, 128, 64, 4, cutlass::half_t> >, false, false, false, false, true, true, false, false>(pytorch_flash::Flash_fwd_params)",,,,,,,,,
pascal,run_attention_helion,20261004-224724_job20648,NVIDIA GeForce RTX 5090,610.43.02,2026-10-04T22:47:24,helion,fp16,4,32,1024,128,True,0.5165,0.5161,0.5175,66.52,259.8,0.000368,74.21,"autotune=quick block_sizes=[1,128,16] num_warps=4 num_stages=1 pid_type=flat indexing=['pointer','pointer','pointer','pointer','pointer'] mma=mma.sync.aligned.m16n8k16.row.col.f32.f16.f16.f32",,,,,,,,,
pascal,run_attention_helion,20261004-224724_job20648,NVIDIA GeForce RTX 5090,610.43.02,2026-10-04T22:47:24,sdpa,fp16,4,32,1024,128,True,0.3256,0.3245,0.3266,105.53,412.2,,,"void pytorch_flash::flash_fwd_kernel<Flash_fwd_kernel_traits<128, 128, 64, 4, false, false, cutlass::half_t, Flash_kernel_traits<128, 128, 64, 4, cutlass::half_t> >, false, true, false, false, true, true, false, false>(pytorch_flash::Flash_fwd_params)",,,,,,,,,
pascal,run_attention_helion,20261004-224724_job20648,NVIDIA GeForce RTX 5090,610.43.02,2026-10-04T22:47:24,helion,fp16,4,32,4096,128,True,7.6518,7.6458,7.6564,71.85,70.2,0.000382,61.77,"autotune=quick block_sizes=[1,32,16] num_warps=1 num_stages=1 pid_type=flat indexing=['pointer','pointer','pointer','pointer','pointer'] mma=mma.sync.aligned.m16n8k16.row.col.f32.f16.f16.f32",,,,,,,,,
pascal,run_attention_helion,20261004-224724_job20648,NVIDIA GeForce RTX 5090,610.43.02,2026-10-04T22:47:24,sdpa,fp16,4,32,4096,128,True,3.9004,3.896,3.9029,140.95,137.6,,,"void pytorch_flash::flash_fwd_kernel<Flash_fwd_kernel_traits<128, 128, 64, 4, false, false, cutlass::half_t, Flash_kernel_traits<128, 128, 64, 4, cutlass::half_t> >, false, true, false, false, true, true, false, false>(pytorch_flash::Flash_fwd_params)",,,,,,,,,
pascal,run_attention_helion,20261004-224724_job20648,NVIDIA GeForce RTX 5090,610.43.02,2026-10-04T22:47:24,helion,fp16,4,32,16384,128,True,115.9731,115.967,115.9793,75.85,18.5,0.000394,292.09,"autotune=quick block_sizes=[1,32,16] num_warps=1 num_stages=1 pid_type=flat indexing=['tensor_descriptor','pointer','pointer','pointer','pointer'] mma=mma.sync.aligned.m16n8k16.row.col.f32.f16.f16.f32",,,,,,,,,
pascal,run_attention_helion,20261004-224724_job20648,NVIDIA GeForce RTX 5090,610.43.02,2026-10-04T22:47:24,sdpa,fp16,4,32,16384,128,True,57.7065,57.7036,57.7124,152.43,37.2,,,"void pytorch_flash::flash_fwd_kernel<Flash_fwd_kernel_traits<128, 128, 64, 4, false, false, cutlass::half_t, Flash_kernel_traits<128, 128, 64, 4, cutlass::half_t> >, false, true, false, false, true, true, false, false>(pytorch_flash::Flash_fwd_params)",,,,,,,,,
pascal,run_attention_triton,20261004-224902_job20648,NVIDIA GeForce RTX 5090,610.43.02,2026-10-04T22:49:02,triton,fp16,4,32,1024,64,False,0.2357,0.2351,0.2377,145.79,284.7,0.000355,7.13,BM=64 BN=64 stages=2 num_warps=4 mma=mma.sync.aligned.m16n8k16.row.col.f32.f16.f16.f32,,,,,,,,,
pascal,run_attention_triton,20261004-224902_job20648,NVIDIA GeForce RTX 5090,610.43.02,2026-10-04T22:49:02,sdpa,fp16,4,32,1024,64,False,0.2559,0.2549,0.256,134.25,262.2,,,"void pytorch_flash::flash_fwd_kernel<Flash_fwd_kernel_traits<64, 128, 128, 4, false, false, cutlass::half_t, Flash_kernel_traits<64, 128, 128, 4, cutlass::half_t> >, false, false, false, false, true, true, false, false>(pytorch_flash::Flash_fwd_params)",,,,,,,,,
pascal,run_attention_triton,20261004-224902_job20648,NVIDIA GeForce RTX 5090,610.43.02,2026-10-04T22:49:02,triton,fp16,4,32,4096,64,False,3.3469,3.3447,3.3562,164.26,80.2,0.000375,3.58,BM=64 BN=64 stages=2 num_warps=4 mma=mma.sync.aligned.m16n8k16.row.col.f32.f16.f16.f32,,,,,,,,,
pascal,run_attention_triton,20261004-224902_job20648,NVIDIA GeForce RTX 5090,610.43.02,2026-10-04T22:49:02,sdpa,fp16,4,32,4096,64,False,3.4756,3.4745,3.4776,158.17,77.2,,,"void pytorch_flash::flash_fwd_kernel<Flash_fwd_kernel_traits<64, 128, 128, 4, false, false, cutlass::half_t, Flash_kernel_traits<64, 128, 128, 4, cutlass::half_t> >, false, false, false, false, true, true, false, false>(pytorch_flash::Flash_fwd_params)",,,,,,,,,
pascal,run_attention_triton,20261004-224902_job20648,NVIDIA GeForce RTX 5090,610.43.02,2026-10-04T22:49:02,triton,fp16,4,32,16384,64,False,52.395,52.3872,52.4462,167.88,20.5,0.000385,14.25,BM=64 BN=64 stages=2 num_warps=4 mma=mma.sync.aligned.m16n8k16.row.col.f32.f16.f16.f32,,,,,,,,,
pascal,run_attention_triton,20261004-224902_job20648,NVIDIA GeForce RTX 5090,610.43.02,2026-10-04T22:49:02,sdpa,fp16,4,32,16384,64,False,53.7057,53.7002,53.7172,163.78,20.0,,,"void pytorch_flash::flash_fwd_kernel<Flash_fwd_kernel_traits<64, 128, 128, 4, false, false, cutlass::half_t, Flash_kernel_traits<64, 128, 128, 4, cutlass::half_t> >, false, false, false, false, true, true, false, false>(pytorch_flash::Flash_fwd_params)",,,,,,,,,
pascal,run_attention_triton,20261004-224902_job20648,NVIDIA GeForce RTX 5090,610.43.02,2026-10-04T22:49:02,triton,fp16,4,32,1024,64,True,0.1454,0.1434,0.1475,118.15,461.5,0.000197,0.26,BM=64 BN=64 stages=2 num_warps=4 mma=mma.sync.aligned.m16n8k16.row.col.f32.f16.f16.f32,,,,,,,,,
pascal,run_attention_triton,20261004-224902_job20648,NVIDIA GeForce RTX 5090,610.43.02,2026-10-04T22:49:02,sdpa,fp16,4,32,1024,64,True,0.172,0.1699,0.1751,99.86,390.1,,,"void pytorch_flash::flash_fwd_kernel<Flash_fwd_kernel_traits<64, 128, 128, 4, false, false, cutlass::half_t, Flash_kernel_traits<64, 128, 128, 4, cutlass::half_t> >, false, true, false, false, true, true, false, false>(pytorch_flash::Flash_fwd_params)",,,,,,,,,
pascal,run_attention_triton,20261004-224902_job20648,NVIDIA GeForce RTX 5090,610.43.02,2026-10-04T22:49:02,triton,fp16,4,32,4096,64,True,1.7545,1.7459,1.7655,156.67,153.0,0.00024,0.0,BM=64 BN=64 stages=2 num_warps=4 mma=mma.sync.aligned.m16n8k16.row.col.f32.f16.f16.f32,,,,,,,,,
pascal,run_attention_triton,20261004-224902_job20648,NVIDIA GeForce RTX 5090,610.43.02,2026-10-04T22:49:02,sdpa,fp16,4,32,4096,64,True,1.883,1.8708,1.8933,145.98,142.6,,,"void pytorch_flash::flash_fwd_kernel<Flash_fwd_kernel_traits<64, 128, 128, 4, false, false, cutlass::half_t, Flash_kernel_traits<64, 128, 128, 4, cutlass::half_t> >, false, true, false, false, true, true, false, false>(pytorch_flash::Flash_fwd_params)",,,,,,,,,
pascal,run_attention_triton,20261004-224902_job20648,NVIDIA GeForce RTX 5090,610.43.02,2026-10-04T22:49:02,triton,fp16,4,32,16384,64,True,26.454,26.4087,26.4774,166.25,40.6,0.000269,0.03,BM=64 BN=64 stages=2 num_warps=4 mma=mma.sync.aligned.m16n8k16.row.col.f32.f16.f16.f32,,,,,,,,,
pascal,run_attention_triton,20261004-224902_job20648,NVIDIA GeForce RTX 5090,610.43.02,2026-10-04T22:49:02,sdpa,fp16,4,32,16384,64,True,27.4907,27.4477,27.5276,159.98,39.1,,,"void pytorch_flash::flash_fwd_kernel<Flash_fwd_kernel_traits<64, 128, 128, 4, false, false, cutlass::half_t, Flash_kernel_traits<64, 128, 128, 4, cutlass::half_t> >, false, true, false, false, true, true, false, false>(pytorch_flash::Flash_fwd_params)",,,,,,,,,
pascal,run_attention_triton,20261004-224902_job20648,NVIDIA GeForce RTX 5090,610.43.02,2026-10-04T22:49:02,triton,fp16,4,32,1024,128,False,0.5101,0.5095,0.5116,134.71,263.1,0.000361,12.88,BM=128 BN=32 stages=2 num_warps=4 mma=mma.sync.aligned.m16n8k16.row.col.f32.f16.f16.f32,,,,,,,,,
pascal,run_attention_triton,20261004-224902_job20648,NVIDIA GeForce RTX 5090,610.43.02,2026-10-04T22:49:02,sdpa,fp16,4,32,1024,128,False,0.5499,0.5488,0.5509,124.98,244.1,,,"void pytorch_flash::flash_fwd_kernel<Flash_fwd_kernel_traits<128, 128, 64, 4, false, false, cutlass::half_t, Flash_kernel_traits<128, 128, 64, 4, cutlass::half_t> >, false, false, false, false, true, true, false, false>(pytorch_flash::Flash_fwd_params)",,,,,,,,,
pascal,run_attention_triton,20261004-224902_job20648,NVIDIA GeForce RTX 5090,610.43.02,2026-10-04T22:49:02,triton,fp16,4,32,4096,128,False,6.9986,6.9971,7.0017,157.1,76.7,0.000377,4.16,BM=128 BN=32 stages=2 num_warps=4 mma=mma.sync.aligned.m16n8k16.row.col.f32.f16.f16.f32,,,,,,,,,
pascal,run_attention_triton,20261004-224902_job20648,NVIDIA GeForce RTX 5090,610.43.02,2026-10-04T22:49:02,sdpa,fp16,4,32,4096,128,False,7.4528,7.4525,7.4537,147.53,72.0,,,"void pytorch_flash::flash_fwd_kernel<Flash_fwd_kernel_traits<128, 128, 64, 4, false, false, cutlass::half_t, Flash_kernel_traits<128, 128, 64, 4, cutlass::half_t> >, false, false, false, false, true, true, false, false>(pytorch_flash::Flash_fwd_params)",,,,,,,,,
pascal,run_attention_triton,20261004-224902_job20648,NVIDIA GeForce RTX 5090,610.43.02,2026-10-04T22:49:02,triton,fp16,4,32,16384,128,False,108.0448,108.0381,108.0515,162.82,19.9,0.000386,28.08,BM=128 BN=32 stages=2 num_warps=4 mma=mma.sync.aligned.m16n8k16.row.col.f32.f16.f16.f32,,,,,,,,,
pascal,run_attention_triton,20261004-224902_job20648,NVIDIA GeForce RTX 5090,610.43.02,2026-10-04T22:49:02,sdpa,fp16,4,32,16384,128,False,115.0341,115.0311,115.0413,152.93,18.7,,,"void pytorch_flash::flash_fwd_kernel<Flash_fwd_kernel_traits<128, 128, 64, 4, false, false, cutlass::half_t, Flash_kernel_traits<128, 128, 64, 4, cutlass::half_t> >, false, false, false, false, true, true, false, false>(pytorch_flash::Flash_fwd_params)",,,,,,,,,
pascal,run_attention_triton,20261004-224902_job20648,NVIDIA GeForce RTX 5090,610.43.02,2026-10-04T22:49:02,triton,fp16,4,32,1024,128,True,0.3463,0.3401,0.3538,99.23,387.6,0.000226,0.42,BM=128 BN=32 stages=2 num_warps=4 mma=mma.sync.aligned.m16n8k16.row.col.f32.f16.f16.f32,,,,,,,,,
pascal,run_attention_triton,20261004-224902_job20648,NVIDIA GeForce RTX 5090,610.43.02,2026-10-04T22:49:02,sdpa,fp16,4,32,1024,128,True,0.3276,0.3256,0.3277,104.9,409.8,,,"void pytorch_flash::flash_fwd_kernel<Flash_fwd_kernel_traits<128, 128, 64, 4, false, false, cutlass::half_t, Flash_kernel_traits<128, 128, 64, 4, cutlass::half_t> >, false, true, false, false, true, true, false, false>(pytorch_flash::Flash_fwd_params)",,,,,,,,,
pascal,run_attention_triton,20261004-224902_job20648,NVIDIA GeForce RTX 5090,610.43.02,2026-10-04T22:49:02,triton,fp16,4,32,4096,128,True,3.8687,3.8441,3.8994,142.1,138.8,0.00026,0.0,BM=128 BN=32 stages=2 num_warps=4 mma=mma.sync.aligned.m16n8k16.row.col.f32.f16.f16.f32,,,,,,,,,
pascal,run_attention_triton,20261004-224902_job20648,NVIDIA GeForce RTX 5090,610.43.02,2026-10-04T22:49:02,sdpa,fp16,4,32,4096,128,True,3.9033,3.8977,3.9055,140.84,137.5,,,"void pytorch_flash::flash_fwd_kernel<Flash_fwd_kernel_traits<128, 128, 64, 4, false, false, cutlass::half_t, Flash_kernel_traits<128, 128, 64, 4, cutlass::half_t> >, false, true, false, false, true, true, false, false>(pytorch_flash::Flash_fwd_params)",,,,,,,,,
pascal,run_attention_triton,20261004-224902_job20648,NVIDIA GeForce RTX 5090,610.43.02,2026-10-04T22:49:02,triton,fp16,4,32,16384,128,True,55.956,55.9233,56.0798,157.2,38.4,0.000285,0.06,BM=128 BN=32 stages=2 num_warps=4 mma=mma.sync.aligned.m16n8k16.row.col.f32.f16.f16.f32,,,,,,,,,
pascal,run_attention_triton,20261004-224902_job20648,NVIDIA GeForce RTX 5090,610.43.02,2026-10-04T22:49:02,sdpa,fp16,4,32,16384,128,True,57.7316,57.7274,57.7409,152.36,37.2,,,"void pytorch_flash::flash_fwd_kernel<Flash_fwd_kernel_traits<128, 128, 64, 4, false, false, cutlass::half_t, Flash_kernel_traits<128, 128, 64, 4, cutlass::half_t> >, false, true, false, false, true, true, false, false>(pytorch_flash::Flash_fwd_params)",,,,,,,,,
