arquitectura,fila,columna,tipo,eficiencia,unidad,eficiencia_din,vs_ref,potencia_w,reposo_w,rend_sost,unidad_rend,reloj_mhz,mj_llamada,tamano,config,maquina,experimento,ejecucion
NVIDIA GB10 (sm_121),Triton,Matmul fp16,CB,1019.6,GFLOP/J,1260.6,0.97,88.4,16.9,90.13,TFLOP/s,2158,1078.3892,8192×8192×8192,BM=128 BN=256 BK=64 GROUP_M=8 · 8 warps (256 hilos) · 3 etapas,hennessy-energia,run_matmul,20261008-233055_job20849
NVIDIA GB10 (sm_121),Triton,Matmul FP8,CB,1585.8,GFLOP/J,1930.8,0.78,90.1,16.1,142.88,TFLOP/s,2138,693.3502,8192×8192×8192,BM=256 BN=128 BK=128 GROUP_M=8 · 8 warps (256 hilos) · 3 etapas · error 3.75%,hennessy-energia,run_matmul_fp8,20261008-233014_job20849
NVIDIA GB10 (sm_121),Triton,FlashAttention fp16,CB,913.6,GFLOP/J,1107.8,1.08,94.7,16.6,86.52,TFLOP/s,2171,1203.5148,B=4 H=32 N=4096 D=128,BM=128 · BN=32 · 2 etapas · 4 warps (128 hilos),hennessy-energia,run_attention_triton,20261008-234530_job20850
NVIDIA GB10 (sm_121),Triton,FlashAttention causal fp16,CB,853.6,GFLOP/J,1041,1.0,92.2,16.6,78.7,TFLOP/s,2203,644.0733,B=4 H=32 N=4096 D=128,BM=128 · BN=32 · 2 etapas · 4 warps (128 hilos),hennessy-energia,run_attention_triton,20261008-234530_job20850
NVIDIA GB10 (sm_121),Triton,RMSNorm fp16,MB,6.23,GB/J,10.04,1.05,39.2,14.9,244,GB/s,2502,86.2439,16384×8192,16 warps (512 hilos),hennessy-energia,run_rmsnorm_triton,20261008-235224_job20851
NVIDIA GB10 (sm_121),Triton,RMSNorm bf16,MB,6.27,GB/J,10.16,1.04,38.9,14.9,243.9,GB/s,2483,85.6137,16384×8192,16 warps (512 hilos),hennessy-energia,run_rmsnorm_triton,20261008-235224_job20851
NVIDIA GB10 (sm_121),Triton (block-ptr),Matmul fp16,CB,1036,GFLOP/J,1284.4,0.99,87.9,17,91.07,TFLOP/s,2125,1061.2757,8192×8192×8192,BM=128 BN=256 BK=64 GROUP_M=8 · 8 warps (256 hilos) · 3 etapas · carga=cp.async,hennessy-energia,run_matmul_tma,20261008-233324_job20849
NVIDIA GB10 (sm_121),Triton + TMA,Matmul fp16,CB,1064.1,GFLOP/J,1318.8,1.01,88,17,93.64,TFLOP/s,2047,1033.3169,8192×8192×8192,BM=128 BN=128 BK=32 GROUP_M=8 · 4 warps (128 hilos) · 4 etapas · carga=TMA,hennessy-energia,run_matmul_tma,20261008-233324_job20849
NVIDIA GB10 (sm_121),Triton + TMA,Matmul FP8,CB,1629.2,GFLOP/J,1982.2,0.8,90.4,16.1,147.28,TFLOP/s,2158,674.8884,8192×8192×8192,BM=128 BN=256 BK=128 GROUP_M=8 · 8 warps (256 hilos) · 3 etapas · carga=TMA · error 3.75%,hennessy-energia,run_matmul_fp8,20261008-233014_job20849
NVIDIA GB10 (sm_121),Gluon,Matmul fp16,CB,860.6,GFLOP/J,1005.1,0.82,88.3,12.7,75.99,TFLOP/s,2158,1277.6665,8192×8192×8192,BM=128 · BN=128 · BK=32 · 3 etapas · 4 warps 2x2 (128 hilos),hennessy-energia,run_matmul_gluon,20261008-232352_job20849
NVIDIA GB10 (sm_121),Gluon,RMSNorm fp16,MB,6.37,GB/J,10.16,1.07,38.3,14.3,243.9,GB/s,2502,84.3192,16384×8192,16 warps (512 hilos) · 8 elem/hilo (16 B),hennessy-energia,run_rmsnorm_gluon,20261008-234806_job20851
NVIDIA GB10 (sm_121),Gluon,RMSNorm bf16,MB,6.37,GB/J,10.16,1.06,38.3,14.3,243.9,GB/s,2502,84.3158,16384×8192,16 warps (512 hilos) · 8 elem/hilo (16 B),hennessy-energia,run_rmsnorm_gluon,20261008-234806_job20851
NVIDIA GB10 (sm_121),Helion,FlashAttention fp16,CB,875.2,GFLOP/J,1054.5,1.03,94.7,16.1,82.88,TFLOP/s,2132,1256.296,B=4 H=32 N=4096 D=128,"4 warps (128 hilos) · bloques=[1,128,32] · 2 etapas · autotune=quick",hennessy-energia,run_attention_helion,20261008-234434_job20850
NVIDIA GB10 (sm_121),Helion,FlashAttention causal fp16,CB,425.2,GFLOP/J,513.1,0.5,94,16.1,39.97,TFLOP/s,2164,1292.8209,B=4 H=32 N=4096 D=128,"4 warps (128 hilos) · bloques=[1,128,32] · 2 etapas · autotune=quick",hennessy-energia,run_attention_helion,20261008-234434_job20850
NVIDIA GB10 (sm_121),Helion,RMSNorm fp16,MB,6.5,GB/J,11.07,1.09,38.3,15.8,249,GB/s,2483,82.5864,16384×8192,32 warps (1024 hilos) · bloques=[1] · 6 etapas · autotune=quick,hennessy-energia,run_rmsnorm_helion,20261008-235133_job20851
NVIDIA GB10 (sm_121),Helion,RMSNorm bf16,MB,6.47,GB/J,10.97,1.07,38.5,15.8,249.1,GB/s,2483,82.9856,16384×8192,32 warps (1024 hilos) · bloques=[1] · 3 etapas · autotune=quick,hennessy-energia,run_rmsnorm_helion,20261008-235133_job20851
NVIDIA GB10 (sm_121),CUTLASS,Matmul fp16,CB,573.2,GFLOP/J,794.6,0.55,42.7,11.9,24.47,TFLOP/s,2427.5,1918.251,8192×8192×8192,CuTe DSL Sm120GemmKernel · tile 128x128x64,hennessy-energia,run_matmul_cutlass,20261008-232215_job20849
NVIDIA GB10 (sm_121),CUTLASS,FlashAttention fp16,CB,930.3,GFLOP/J,1102.1,1.1,94.3,14.7,87.73,TFLOP/s,2125,1181.8477,B=4 H=32 N=4096 D=128,CuTe DSL FlashAttentionForwardAmpere · BM=128 BN=128 · 256 hilos (8 warps),hennessy-energia,run_attention_cutlass,20261008-233621_job20850
NVIDIA GB10 (sm_121),CUTLASS,FlashAttention causal fp16,CB,899.8,GFLOP/J,1070.7,1.06,92.1,14.7,82.87,TFLOP/s,2119,610.9557,B=4 H=32 N=4096 D=128,CuTe DSL FlashAttentionForwardAmpere · BM=128 BN=128 · 256 hilos (8 warps),hennessy-energia,run_attention_cutlass,20261008-233621_job20850
NVIDIA GB10 (sm_121),CUTLASS,RMSNorm fp16,MB,6,GB/J,8.97,1.01,41.4,13.7,248.6,GB/s,2502,89.413,16384×8192,cutlass::rmsnorm _e8 (float4) · 1024 hilos/bloque · 1 bloque/fila,hennessy-energia,run_rmsnorm_cutlass,20261008-234718_job20851
NVIDIA GB10 (sm_121),CUTLASS,RMSNorm bf16,MB,4.68,GB/J,6.5,0.78,49,13.7,229.3,GB/s,2502,114.7233,16384×8192,cutlass::rmsnorm _e1 (escalar) · 256 hilos/bloque · 1 bloque/fila,hennessy-energia,run_rmsnorm_cutlass,20261008-234718_job20851
NVIDIA GB10 (sm_121),Referencia,Matmul fp16,CB,1051.1,GFLOP/J,1302.4,,87.6,16.9,92.08,TFLOP/s,2086,1046.0327,8192×8192×8192,cuBLAS nvjet_sm121_hsh_mma_128x208x64_2_32x104x64_tmaAB_bz_NNNN,hennessy-energia,run_matmul,20261008-233055_job20849
NVIDIA GB10 (sm_121),Referencia,Matmul FP8,CB,2036.5,GFLOP/J,2483.2,,89.5,16.1,182.27,TFLOP/s,2112,539.8914,8192×8192×8192,cuBLASLt (torch._scaled_mm) · error 3.75%,hennessy-energia,run_matmul_fp8,20261008-233014_job20849
NVIDIA GB10 (sm_121),Referencia,FlashAttention fp16,CB,846.6,GFLOP/J,1026.8,,94.6,16.6,80.09,TFLOP/s,2216,1298.7156,B=4 H=32 N=4096 D=128,PyTorch SDPA pytorch_flash::flash_fwd_kernel,hennessy-energia,run_attention_triton,20261008-234530_job20850
NVIDIA GB10 (sm_121),Referencia,FlashAttention causal fp16,CB,851,GFLOP/J,1036.6,,92.7,16.6,78.88,TFLOP/s,2216,646.0373,B=4 H=32 N=4096 D=128,PyTorch SDPA pytorch_flash::flash_fwd_kernel,hennessy-energia,run_attention_triton,20261008-234530_job20850
NVIDIA GB10 (sm_121),Referencia,RMSNorm fp16,MB,5.95,GB/J,10.06,,36.5,14.9,217.2,GB/s,2437,90.2264,16384×8192,PyTorch F.rms_norm,hennessy-energia,run_rmsnorm_triton,20261008-235224_job20851
NVIDIA GB10 (sm_121),Referencia,RMSNorm bf16,MB,6.02,GB/J,10.23,,36.2,14.9,217.8,GB/s,2431,89.222,16384×8192,PyTorch F.rms_norm,hennessy-energia,run_rmsnorm_triton,20261008-235224_job20851
