experimento,ejecucion,gpu,fecha,dtype,M,N,K,BLOCK_SIZE_M,BLOCK_SIZE_N,BLOCK_SIZE_K,GROUP_SIZE_M,num_warps,num_stages,autotune_s,triton_ms,triton_ms_p20,triton_ms_p80,triton_tflops,triton_gbs,cublas_ms,cublas_ms_p20,cublas_ms_p80,cublas_tflops,cublas_gbs,triton_mma,cublas_kernel,variante,carga,error_rel,ms,ms_p20,ms_p80,tflops,gbs,mma,kernel,usa_tma
run_matmul,20260929-095407_job20388,NVIDIA GB10,2026-09-29T09:54:07,fp16,4096,4096,4096,128,128,32,8,4,3,27.7,1.4152,1.409,1.5329,97.12,71.1,1.7548,1.7179,2.0623,78.32,57.4,mma.sync.aligned.m16n8k16.row.col.f32.f16.f16.f32,void cutlass::Kernel2<cutlass_80_tensorop_f16_s16816gemm_relu_f16_128x256_32x3_nn_align8>(cutlass_80_tensorop_f16_s16816gemm_relu_f16_128x256_32x3_nn_align8::Params),,,,,,,,,,,
run_matmul,20260929-095407_job20388,NVIDIA GB10,2026-09-29T09:54:07,fp16,8192,8192,8192,128,256,64,8,8,3,13.5,11.7335,11.7096,12.2928,93.71,34.3,11.7427,11.6955,12.4192,93.63,34.3,mma.sync.aligned.m16n8k16.row.col.f32.f16.f16.f32,nvjet_sm121_hsh_mma_128x208x64_2_32x104x64_tmaAB_bz_NNNN,,,,,,,,,,,
run_matmul,20260929-095407_job20388,NVIDIA GB10,2026-09-29T09:54:07,fp16,16384,16384,16384,256,128,64,8,8,3,75.5,94.7845,94.6903,95.0877,92.8,17.0,92.5317,92.2497,93.27,95.06,17.4,mma.sync.aligned.m16n8k16.row.col.f32.f16.f16.f32,nvjet_sm121_hsh_mma_128x208x64_2_32x104x64_tmaAB_bz_NNNN,,,,,,,,,,,
run_matmul,20260929-095407_job20388,NVIDIA GB10,2026-09-29T09:54:07,bf16,4096,4096,4096,128,128,32,8,4,3,28.5,1.4172,1.409,1.5738,96.98,71.0,1.7865,1.7376,2.0315,76.93,56.3,mma.sync.aligned.m16n8k16.row.col.f32.bf16.bf16.f32,void cutlass::Kernel2<cutlass_80_tensorop_bf16_s16816gemm_relu_bf16_128x256_32x3_nn_align8>(cutlass_80_tensorop_bf16_s16816gemm_relu_bf16_128x256_32x3_nn_align8::Params),,,,,,,,,,,
run_matmul,20260929-095407_job20388,NVIDIA GB10,2026-09-29T09:54:07,bf16,8192,8192,8192,128,256,64,8,8,3,13.3,11.691,11.6578,12.2264,94.05,34.4,11.6869,11.6349,12.3277,94.08,34.5,mma.sync.aligned.m16n8k16.row.col.f32.bf16.bf16.f32,nvjet_sm121_tst_mma_128x208x64_2_32x104x64_tmaAB_bz_NNNN,,,,,,,,,,,
run_matmul,20260929-095407_job20388,NVIDIA GB10,2026-09-29T09:54:07,bf16,16384,16384,16384,256,128,64,8,8,3,79.1,93.0713,92.9694,93.1263,94.51,17.3,141.9254,135.1958,143.5228,61.98,11.3,mma.sync.aligned.m16n8k16.row.col.f32.bf16.bf16.f32,nvjet_sm121_tst_mma_128x208x64_2_32x104x64_tmaAB_bz_NNNN,,,,,,,,,,,
run_matmul_fp8,20260929-212712_job20400,NVIDIA GB10,2026-09-29T21:27:12,,4096,4096,4096,128,128,32,8,4,4,,,,,,,,,,,,,,fp16,cp.async,0.00021,1.4029,1.3988,1.5135,97.97,71.8,mma.sync.aligned.m16n8k16.row.col.f32.f16.f16.f32,,
run_matmul_fp8,20260929-212712_job20400,NVIDIA GB10,2026-09-29T21:27:12,,4096,4096,4096,256,128,128,8,8,3,,,,,,,,,,,,,,fp8,cp.async,0.03752,0.9308,0.9268,0.9817,147.65,72.1,mma.sync.aligned.m16n8k32.row.col.f32.e4m3.e4m3.f32,,
run_matmul_fp8,20260929-212712_job20400,NVIDIA GB10,2026-09-29T21:27:12,,4096,4096,4096,128,128,64,8,4,4,,,,,,,,,,,,,,fp8_tma,TMA,0.03752,0.9155,0.914,0.9217,150.12,73.3,mma.sync.aligned.m16n8k32.row.col.f32.e4m3.e4m3.f32,,
run_matmul_fp8,20260929-212712_job20400,NVIDIA GB10,2026-09-29T21:27:12,,4096,4096,4096,,,,,,,,,,,,,,,,,,,,fp8_cublas,cublasLt,0.03752,0.778,0.7731,0.8456,176.65,86.3,cublasLt,,
run_matmul_fp8,20260929-212712_job20400,NVIDIA GB10,2026-09-29T21:27:12,,8192,8192,8192,128,256,64,8,8,3,,,,,,,,,,,,,,fp16,cp.async,0.00021,12.0077,11.7957,12.3292,91.57,33.5,mma.sync.aligned.m16n8k16.row.col.f32.f16.f16.f32,,
run_matmul_fp8,20260929-212712_job20400,NVIDIA GB10,2026-09-29T21:27:12,,8192,8192,8192,256,128,128,8,8,3,,,,,,,,,,,,,,fp8,cp.async,0.03755,7.4137,7.3892,7.7379,148.31,36.2,mma.sync.aligned.m16n8k32.row.col.f32.e4m3.e4m3.f32,,
run_matmul_fp8,20260929-212712_job20400,NVIDIA GB10,2026-09-29T21:27:12,,8192,8192,8192,256,128,128,8,8,3,,,,,,,,,,,,,,fp8_tma,TMA,0.03755,7.3068,7.2888,7.6942,150.48,36.7,mma.sync.aligned.m16n8k32.row.col.f32.e4m3.e4m3.f32,,
run_matmul_fp8,20260929-212712_job20400,NVIDIA GB10,2026-09-29T21:27:12,,8192,8192,8192,,,,,,,,,,,,,,,,,,,,fp8_cublas,cublasLt,0.03755,6.0305,5.9846,6.4752,182.33,44.5,cublasLt,,
run_matmul_sparsity,20260929-214150_job20402,NVIDIA GB10,2026-09-29T21:41:51,,4096,4096,,,,,,,,,,,,,,,,,,,,,densa_fp16,,0.0,1.7604,1.6951,2.0134,78.07,,,void cutlass::Kernel2<cutlass_80_tensorop_f16_s16816gemm_relu_f16_128x256_32x3_nn_align8>(cutlass_80_tensorop_f16_s16816gemm_relu_f16_128x256_32x3_nn_align8::Params),
run_matmul_sparsity,20260929-214150_job20402,NVIDIA GB10,2026-09-29T21:41:51,,4096,4096,,,,,,,,,,,,,,,,,,,,,sparse24_fp16,,4e-05,2.8459,2.7817,2.917,48.29,,,sm80_xmma_sparse_gemm_f16f16_f16f32_f32_tt_t_tilesize128x128x64_stage3_warpsize2x2x1_sptensor16x8x32_execute_kernel_5x_cusparselt,
run_matmul_sparsity,20260929-214150_job20402,NVIDIA GB10,2026-09-29T21:41:51,,8192,8192,,,,,,,,,,,,,,,,,,,,,densa_fp16,,0.0,11.6295,11.5749,12.2263,94.55,,,nvjet_sm121_hsh_mma_128x208x64_2_32x104x64_tmaAB_bz_NNNN,
run_matmul_sparsity,20260929-214150_job20402,NVIDIA GB10,2026-09-29T21:41:51,,8192,8192,,,,,,,,,,,,,,,,,,,,,sparse24_fp16,,6e-05,33.9957,33.74,34.2217,32.34,,,sm80_xmma_sparse_gemm_f16f16_f16f32_f32_tt_t_tilesize128x128x64_stage3_warpsize2x2x1_sptensor16x8x32_execute_kernel_5x_cusparselt,
run_matmul_tma,20260929-205626_job20398,NVIDIA GB10,2026-09-29T20:56:26,fp16,8192,8192,8192,128,256,64,8,8,3,13.9,,,,,,,,,,,,,baseline,cp.async,,12.1083,11.9548,12.554,90.81,33.3,mma.sync.aligned.m16n8k16.row.col.f32.f16.f16.f32,,False
run_matmul_tma,20260929-205626_job20398,NVIDIA GB10,2026-09-29T20:56:26,fp16,8192,8192,8192,128,256,64,8,8,3,78.1,,,,,,,,,,,,,blockptr,cp.async,,11.8462,11.8164,12.3852,92.82,34.0,mma.sync.aligned.m16n8k16.row.col.f32.f16.f16.f32,,False
run_matmul_tma,20260929-205626_job20398,NVIDIA GB10,2026-09-29T20:56:26,fp16,8192,8192,8192,128,128,32,8,4,4,97.7,,,,,,,,,,,,,tma,TMA,,11.8599,11.8177,12.2311,92.71,34.0,mma.sync.aligned.m16n8k16.row.col.f32.f16.f16.f32,,True
