maquina,experimento,ejecucion,gpu,driver_nvidia,fecha,variante,dtype,M,N,ms,ms_p20,ms_p80,gbs,pct_pico,t_compilacion_s,detalle,reloj_mhz,potencia_w,reloj_sost_mhz,potencia_sost_w,potencia_reposo_w,mj_llamada,gbs_sost,gb_j,gb_j_din
hennessy,run_rmsnorm_gluon,20261006-214456_job20782,NVIDIA GB10,610.57.04,2026-10-06T21:44:56,gluon,fp16,4096,2048,0.1588,0.1578,0.1598,211.4,77.4,0.32,num_warps=8 vec=8,,,,,,,,,
hennessy,run_rmsnorm_gluon,20261006-214456_job20782,NVIDIA GB10,610.57.04,2026-10-06T21:44:56,torch,fp16,4096,2048,0.1618,0.161,0.1628,207.4,76.0,,,,,,,,,,,
hennessy,run_rmsnorm_gluon,20261006-214456_job20782,NVIDIA GB10,610.57.04,2026-10-06T21:44:56,gluon,fp16,4096,4096,0.2959,0.2949,0.297,226.8,83.1,0.04,num_warps=16 vec=8,,,,,,,,,
hennessy,run_rmsnorm_gluon,20261006-214456_job20782,NVIDIA GB10,610.57.04,2026-10-06T21:44:56,torch,fp16,4096,4096,0.3113,0.3103,0.3133,215.6,79.0,,,,,,,,,,,
hennessy,run_rmsnorm_gluon,20261006-214456_job20782,NVIDIA GB10,610.57.04,2026-10-06T21:44:56,gluon,fp16,4096,8192,0.5704,0.5693,0.5727,235.3,86.2,0.05,num_warps=16 vec=8,,,,,,,,,
hennessy,run_rmsnorm_gluon,20261006-214456_job20782,NVIDIA GB10,610.57.04,2026-10-06T21:44:56,torch,fp16,4096,8192,0.6339,0.6318,0.6379,211.8,77.6,,,,,,,,,,,
hennessy,run_rmsnorm_gluon,20261006-214456_job20782,NVIDIA GB10,610.57.04,2026-10-06T21:44:56,gluon,fp16,16384,2048,0.5684,0.5667,0.5709,236.2,86.5,0.0,num_warps=8 vec=8,,,,,,,,,
hennessy,run_rmsnorm_gluon,20261006-214456_job20782,NVIDIA GB10,610.57.04,2026-10-06T21:44:56,torch,fp16,16384,2048,0.5745,0.5724,0.5772,233.6,85.6,,,,,,,,,,,
hennessy,run_rmsnorm_gluon,20261006-214456_job20782,NVIDIA GB10,610.57.04,2026-10-06T21:44:56,gluon,fp16,16384,4096,1.109,1.1059,1.1122,242.1,88.7,0.0,num_warps=16 vec=8,,,,,,,,,
hennessy,run_rmsnorm_gluon,20261006-214456_job20782,NVIDIA GB10,610.57.04,2026-10-06T21:44:56,torch,fp16,16384,4096,1.1489,1.1449,1.154,233.6,85.6,,,,,,,,,,,
hennessy,run_rmsnorm_gluon,20261006-214456_job20782,NVIDIA GB10,610.57.04,2026-10-06T21:44:56,gluon,fp16,16384,8192,2.2088,2.2057,2.2159,243.1,89.0,0.0,num_warps=16 vec=8,,,,,,,,,
hennessy,run_rmsnorm_gluon,20261006-214456_job20782,NVIDIA GB10,610.57.04,2026-10-06T21:44:56,torch,fp16,16384,8192,2.4576,2.4502,2.4658,218.5,80.0,,,,,,,,,,,
hennessy,run_rmsnorm_gluon,20261006-214456_job20782,NVIDIA GB10,610.57.04,2026-10-06T21:44:56,gluon,bf16,4096,2048,0.1588,0.1587,0.1599,211.3,77.4,0.05,num_warps=8 vec=8,,,,,,,,,
hennessy,run_rmsnorm_gluon,20261006-214456_job20782,NVIDIA GB10,610.57.04,2026-10-06T21:44:56,torch,bf16,4096,2048,0.1618,0.1617,0.1628,207.4,76.0,,,,,,,,,,,
hennessy,run_rmsnorm_gluon,20261006-214456_job20782,NVIDIA GB10,610.57.04,2026-10-06T21:44:56,gluon,bf16,4096,4096,0.2959,0.2949,0.297,226.8,83.1,0.04,num_warps=16 vec=8,,,,,,,,,
hennessy,run_rmsnorm_gluon,20261006-214456_job20782,NVIDIA GB10,610.57.04,2026-10-06T21:44:56,torch,bf16,4096,4096,0.3113,0.3103,0.3133,215.6,79.0,,,,,,,,,,,
hennessy,run_rmsnorm_gluon,20261006-214456_job20782,NVIDIA GB10,610.57.04,2026-10-06T21:44:56,gluon,bf16,4096,8192,0.5683,0.5673,0.5704,236.2,86.5,0.06,num_warps=16 vec=8,,,,,,,,,
hennessy,run_rmsnorm_gluon,20261006-214456_job20782,NVIDIA GB10,610.57.04,2026-10-06T21:44:56,torch,bf16,4096,8192,0.6267,0.6236,0.6298,214.2,78.5,,,,,,,,,,,
hennessy,run_rmsnorm_gluon,20261006-214456_job20782,NVIDIA GB10,610.57.04,2026-10-06T21:44:56,gluon,bf16,16384,2048,0.5683,0.5663,0.5704,236.2,86.5,0.0,num_warps=8 vec=8,,,,,,,,,
hennessy,run_rmsnorm_gluon,20261006-214456_job20782,NVIDIA GB10,610.57.04,2026-10-06T21:44:56,torch,bf16,16384,2048,0.5724,0.5714,0.5755,234.5,85.9,,,,,,,,,,,
hennessy,run_rmsnorm_gluon,20261006-214456_job20782,NVIDIA GB10,610.57.04,2026-10-06T21:44:56,gluon,bf16,16384,4096,1.108,1.1055,1.112,242.3,88.8,0.0,num_warps=16 vec=8,,,,,,,,,
hennessy,run_rmsnorm_gluon,20261006-214456_job20782,NVIDIA GB10,610.57.04,2026-10-06T21:44:56,torch,bf16,16384,4096,1.1481,1.1459,1.1532,233.8,85.6,,,,,,,,,,,
hennessy,run_rmsnorm_gluon,20261006-214456_job20782,NVIDIA GB10,610.57.04,2026-10-06T21:44:56,gluon,bf16,16384,8192,2.2088,2.2057,2.217,243.1,89.0,0.0,num_warps=16 vec=8,,,,,,,,,
hennessy,run_rmsnorm_gluon,20261006-214456_job20782,NVIDIA GB10,610.57.04,2026-10-06T21:44:56,torch,bf16,16384,8192,2.4596,2.4513,2.4692,218.3,80.0,,,,,,,,,,,
hennessy,run_rmsnorm_triton,20261002-092055_job20500,NVIDIA GB10,610.57.04,2026-10-02T09:20:55,triton,fp16,4096,2048,0.1556,0.1548,0.1567,215.6,79.0,0.27,num_warps=8,,,,,,,,,
hennessy,run_rmsnorm_triton,20261002-092055_job20500,NVIDIA GB10,610.57.04,2026-10-02T09:20:55,torch,fp16,4096,2048,0.1597,0.1587,0.1607,210.2,77.0,,,,,,,,,,,
hennessy,run_rmsnorm_triton,20261002-092055_job20500,NVIDIA GB10,610.57.04,2026-10-02T09:20:55,triton,fp16,4096,4096,0.2919,0.2908,0.2939,230.0,84.2,0.01,num_warps=16,,,,,,,,,
hennessy,run_rmsnorm_triton,20261002-092055_job20500,NVIDIA GB10,610.57.04,2026-10-02T09:20:55,torch,fp16,4096,4096,0.3061,0.3049,0.3072,219.2,80.3,,,,,,,,,,,
hennessy,run_rmsnorm_triton,20261002-092055_job20500,NVIDIA GB10,610.57.04,2026-10-02T09:20:55,triton,fp16,4096,8192,0.5694,0.5683,0.5714,235.8,86.4,0.01,num_warps=16,,,,,,,,,
hennessy,run_rmsnorm_triton,20261002-092055_job20500,NVIDIA GB10,610.57.04,2026-10-02T09:20:55,torch,fp16,4096,8192,0.6402,0.6369,0.6451,209.7,76.8,,,,,,,,,,,
hennessy,run_rmsnorm_triton,20261002-092055_job20500,NVIDIA GB10,610.57.04,2026-10-02T09:20:55,triton,fp16,16384,2048,0.5652,0.5641,0.5672,237.5,87.0,0.0,num_warps=8,,,,,,,,,
hennessy,run_rmsnorm_triton,20261002-092055_job20500,NVIDIA GB10,610.57.04,2026-10-02T09:20:55,torch,fp16,16384,2048,0.5734,0.5724,0.5755,234.1,85.8,,,,,,,,,,,
hennessy,run_rmsnorm_triton,20261002-092055_job20500,NVIDIA GB10,610.57.04,2026-10-02T09:20:55,triton,fp16,16384,4096,1.1059,1.1039,1.109,242.7,88.9,0.0,num_warps=16,,,,,,,,,
hennessy,run_rmsnorm_triton,20261002-092055_job20500,NVIDIA GB10,610.57.04,2026-10-02T09:20:55,torch,fp16,16384,4096,1.154,1.151,1.1581,232.6,85.2,,,,,,,,,,,
hennessy,run_rmsnorm_triton,20261002-092055_job20500,NVIDIA GB10,610.57.04,2026-10-02T09:20:55,triton,fp16,16384,8192,2.2098,2.2077,2.2129,243.0,89.0,0.0,num_warps=16,,,,,,,,,
hennessy,run_rmsnorm_triton,20261002-092055_job20500,NVIDIA GB10,610.57.04,2026-10-02T09:20:55,torch,fp16,16384,8192,2.4813,2.4699,2.4914,216.4,79.3,,,,,,,,,,,
hennessy,run_rmsnorm_triton,20261002-092055_job20500,NVIDIA GB10,610.57.04,2026-10-02T09:20:55,triton,bf16,4096,2048,0.1569,0.1566,0.1578,213.9,78.4,0.01,num_warps=8,,,,,,,,,
hennessy,run_rmsnorm_triton,20261002-092055_job20500,NVIDIA GB10,610.57.04,2026-10-02T09:20:55,torch,bf16,4096,2048,0.1588,0.1578,0.1597,211.4,77.4,,,,,,,,,,,
hennessy,run_rmsnorm_triton,20261002-092055_job20500,NVIDIA GB10,610.57.04,2026-10-02T09:20:55,triton,bf16,4096,4096,0.2927,0.2918,0.2939,229.3,84.0,0.01,num_warps=16,,,,,,,,,
hennessy,run_rmsnorm_triton,20261002-092055_job20500,NVIDIA GB10,610.57.04,2026-10-02T09:20:55,torch,bf16,4096,4096,0.3061,0.3051,0.3072,219.2,80.3,,,,,,,,,,,
hennessy,run_rmsnorm_triton,20261002-092055_job20500,NVIDIA GB10,610.57.04,2026-10-02T09:20:55,triton,bf16,4096,8192,0.5685,0.5673,0.5704,236.1,86.5,0.01,num_warps=16,,,,,,,,,
hennessy,run_rmsnorm_triton,20261002-092055_job20500,NVIDIA GB10,610.57.04,2026-10-02T09:20:55,torch,bf16,4096,8192,0.6289,0.6257,0.633,213.4,78.2,,,,,,,,,,,
hennessy,run_rmsnorm_triton,20261002-092055_job20500,NVIDIA GB10,610.57.04,2026-10-02T09:20:55,triton,bf16,16384,2048,0.5673,0.5662,0.5693,236.6,86.7,0.0,num_warps=8,,,,,,,,,
hennessy,run_rmsnorm_triton,20261002-092055_job20500,NVIDIA GB10,610.57.04,2026-10-02T09:20:55,torch,bf16,16384,2048,0.5724,0.5704,0.5744,234.5,85.9,,,,,,,,,,,
hennessy,run_rmsnorm_triton,20261002-092055_job20500,NVIDIA GB10,610.57.04,2026-10-02T09:20:55,triton,bf16,16384,4096,1.1049,1.1029,1.1079,243.0,89.0,0.0,num_warps=16,,,,,,,,,
hennessy,run_rmsnorm_triton,20261002-092055_job20500,NVIDIA GB10,610.57.04,2026-10-02T09:20:55,torch,bf16,16384,4096,1.1479,1.1449,1.1511,233.9,85.7,,,,,,,,,,,
hennessy,run_rmsnorm_triton,20261002-092055_job20500,NVIDIA GB10,610.57.04,2026-10-02T09:20:55,triton,bf16,16384,8192,2.2088,2.2057,2.2118,243.1,89.0,0.0,num_warps=16,,,,,,,,,
hennessy,run_rmsnorm_triton,20261002-092055_job20500,NVIDIA GB10,610.57.04,2026-10-02T09:20:55,torch,bf16,16384,8192,2.4914,2.4842,2.4998,215.5,78.9,,,,,,,,,,,
hennessy-580,run_rmsnorm_triton,20260930-142353_job20423,NVIDIA GB10,,2026-09-30T14:23:53,triton,fp16,4096,2048,0.1588,0.1585,0.1598,211.4,77.4,,,,,,,,,,,
hennessy-580,run_rmsnorm_triton,20260930-142353_job20423,NVIDIA GB10,,2026-09-30T14:23:53,torch,fp16,4096,2048,0.1607,0.1597,0.1618,208.8,76.5,,,,,,,,,,,
hennessy-580,run_rmsnorm_triton,20260930-142353_job20423,NVIDIA GB10,,2026-09-30T14:23:53,triton,fp16,4096,4096,0.2991,0.298,0.3011,224.4,82.2,,,,,,,,,,,
hennessy-580,run_rmsnorm_triton,20260930-142353_job20423,NVIDIA GB10,,2026-09-30T14:23:53,torch,fp16,4096,4096,0.3082,0.3072,0.3102,217.8,79.8,,,,,,,,,,,
hennessy-580,run_rmsnorm_triton,20260930-142353_job20423,NVIDIA GB10,,2026-09-30T14:23:53,triton,fp16,4096,8192,0.5691,0.5673,0.5704,235.9,86.4,,,,,,,,,,,
hennessy-580,run_rmsnorm_triton,20260930-142353_job20423,NVIDIA GB10,,2026-09-30T14:23:53,torch,fp16,4096,8192,0.6369,0.6339,0.64,210.8,77.2,,,,,,,,,,,
hennessy-580,run_rmsnorm_triton,20260930-142353_job20423,NVIDIA GB10,,2026-09-30T14:23:53,triton,fp16,16384,2048,0.5675,0.5662,0.5693,236.5,86.6,,,,,,,,,,,
hennessy-580,run_rmsnorm_triton,20260930-142353_job20423,NVIDIA GB10,,2026-09-30T14:23:53,torch,fp16,16384,2048,0.5745,0.5733,0.5775,233.6,85.6,,,,,,,,,,,
hennessy-580,run_rmsnorm_triton,20260930-142353_job20423,NVIDIA GB10,,2026-09-30T14:23:53,triton,fp16,16384,4096,1.111,1.1089,1.1141,241.6,88.5,,,,,,,,,,,
hennessy-580,run_rmsnorm_triton,20260930-142353_job20423,NVIDIA GB10,,2026-09-30T14:23:53,torch,fp16,16384,4096,1.1571,1.1538,1.1612,232.0,85.0,,,,,,,,,,,
hennessy-580,run_rmsnorm_triton,20260930-142353_job20423,NVIDIA GB10,,2026-09-30T14:23:53,triton,fp16,16384,8192,2.1432,2.1393,2.1473,250.5,91.8,,,,,,,,,,,
hennessy-580,run_rmsnorm_triton,20260930-142353_job20423,NVIDIA GB10,,2026-09-30T14:23:53,torch,fp16,16384,8192,2.4074,2.3976,2.4214,223.0,81.7,,,,,,,,,,,
hennessy-580,run_rmsnorm_triton,20260930-142353_job20423,NVIDIA GB10,,2026-09-30T14:23:53,triton,bf16,4096,2048,0.1577,0.1567,0.1588,212.8,77.9,,,,,,,,,,,
hennessy-580,run_rmsnorm_triton,20260930-142353_job20423,NVIDIA GB10,,2026-09-30T14:23:53,torch,bf16,4096,2048,0.1597,0.1588,0.1608,210.1,77.0,,,,,,,,,,,
hennessy-580,run_rmsnorm_triton,20260930-142353_job20423,NVIDIA GB10,,2026-09-30T14:23:53,triton,bf16,4096,4096,0.2962,0.2958,0.298,226.6,83.0,,,,,,,,,,,
hennessy-580,run_rmsnorm_triton,20260930-142353_job20423,NVIDIA GB10,,2026-09-30T14:23:53,torch,bf16,4096,4096,0.3072,0.3062,0.3091,218.5,80.0,,,,,,,,,,,
hennessy-580,run_rmsnorm_triton,20260930-142353_job20423,NVIDIA GB10,,2026-09-30T14:23:53,triton,bf16,4096,8192,0.5693,0.5674,0.5704,235.8,86.4,,,,,,,,,,,
hennessy-580,run_rmsnorm_triton,20260930-142353_job20423,NVIDIA GB10,,2026-09-30T14:23:53,torch,bf16,4096,8192,0.6333,0.6289,0.638,211.9,77.6,,,,,,,,,,,
hennessy-580,run_rmsnorm_triton,20260930-142353_job20423,NVIDIA GB10,,2026-09-30T14:23:53,triton,bf16,16384,2048,0.5691,0.5673,0.5714,235.9,86.4,,,,,,,,,,,
hennessy-580,run_rmsnorm_triton,20260930-142353_job20423,NVIDIA GB10,,2026-09-30T14:23:53,torch,bf16,16384,2048,0.5724,0.5704,0.5744,234.5,85.9,,,,,,,,,,,
hennessy-580,run_rmsnorm_triton,20260930-142353_job20423,NVIDIA GB10,,2026-09-30T14:23:53,triton,bf16,16384,4096,1.111,1.108,1.1141,241.6,88.5,,,,,,,,,,,
hennessy-580,run_rmsnorm_triton,20260930-142353_job20423,NVIDIA GB10,,2026-09-30T14:23:53,torch,bf16,16384,4096,1.1561,1.1531,1.1603,232.2,85.1,,,,,,,,,,,
hennessy-580,run_rmsnorm_triton,20260930-142353_job20423,NVIDIA GB10,,2026-09-30T14:23:53,triton,bf16,16384,8192,2.1422,2.1399,2.1504,250.6,91.8,,,,,,,,,,,
hennessy-580,run_rmsnorm_triton,20260930-142353_job20423,NVIDIA GB10,,2026-09-30T14:23:53,torch,bf16,16384,8192,2.4075,2.3972,2.422,223.0,81.7,,,,,,,,,,,
hennessy-energia,run_rmsnorm_cutlass,20261008-234718_job20851,NVIDIA GB10,610.57.04,2026-10-08T23:47:18,cutlass,fp16,16384,8192,2.1749,2.1699,2.1821,246.9,90.4,55.3,rmsnorm_twoPassAlgo_e8,2411.0,22.6,2502.0,41.4,13.7,89.413,248.6,6.0,8.97
hennessy-energia,run_rmsnorm_cutlass,20261008-234718_job20851,NVIDIA GB10,610.57.04,2026-10-08T23:47:18,torch,fp16,16384,8192,2.4848,2.475,2.4934,216.1,79.2,,,2502.0,41.6,2437,34.4,13.7,85.2705,216.6,6.3,10.46
hennessy-energia,run_rmsnorm_cutlass,20261008-234718_job20851,NVIDIA GB10,610.57.04,2026-10-08T23:47:18,cutlass,bf16,16384,8192,2.3655,2.3589,2.3726,227.0,83.2,0.0,rmsnorm_twoPassAlgo_e1,2431.0,34.5,2502,49.0,13.7,114.7233,229.3,4.68,6.5
hennessy-energia,run_rmsnorm_cutlass,20261008-234718_job20851,NVIDIA GB10,610.57.04,2026-10-08T23:47:18,torch,bf16,16384,8192,2.4812,2.471,2.49,216.4,79.3,,,2502.0,34.0,2437,34.6,13.7,85.3064,217.8,6.29,10.42
hennessy-energia,run_rmsnorm_gluon,20261008-234806_job20851,NVIDIA GB10,610.57.04,2026-10-08T23:48:06,gluon,fp16,16384,8192,2.2169,2.2118,2.2262,242.2,88.7,0.25,num_warps=16 vec=8,2502,26.3,2502,38.3,14.3,84.3192,243.9,6.37,10.16
hennessy-energia,run_rmsnorm_gluon,20261008-234806_job20851,NVIDIA GB10,610.57.04,2026-10-08T23:48:06,torch,fp16,16384,8192,2.476,2.469,2.4852,216.8,79.4,,,2502,38.4,2437.0,34.9,14.3,86.526,216.6,6.2,10.51
hennessy-energia,run_rmsnorm_gluon,20261008-234806_job20851,NVIDIA GB10,610.57.04,2026-10-08T23:48:06,gluon,bf16,16384,8192,2.2159,2.2108,2.2241,242.3,88.8,0.0,num_warps=16 vec=8,2431.0,35.2,2502,38.3,14.3,84.3158,243.9,6.37,10.16
hennessy-energia,run_rmsnorm_gluon,20261008-234806_job20851,NVIDIA GB10,610.57.04,2026-10-08T23:48:06,torch,bf16,16384,8192,2.497,2.4881,2.5078,215.0,78.8,,,2489,34.1,2437,34.9,14.3,86.5129,216.6,6.21,10.51
hennessy-energia,run_rmsnorm_helion,20261008-235133_job20851,NVIDIA GB10,610.57.04,2026-10-08T23:51:33,helion,fp16,16384,8192,2.17,2.1648,2.177,247.4,90.6,75.21,"autotune=quick block_sizes=[1] num_warps=32 num_stages=6 pid_type=flat indexing=['pointer','pointer','tensor_descriptor','pointer','tensor_descriptor','pointer','pointer']",2411,36.3,2483.0,38.3,15.8,82.5864,249.0,6.5,11.07
hennessy-energia,run_rmsnorm_helion,20261008-235133_job20851,NVIDIA GB10,610.57.04,2026-10-08T23:51:33,torch,fp16,16384,8192,2.4761,2.4689,2.4852,216.8,79.4,,,2483,34.8,2431.0,36.6,15.8,90.5826,216.9,5.93,10.43
hennessy-energia,run_rmsnorm_helion,20261008-235133_job20851,NVIDIA GB10,610.57.04,2026-10-08T23:51:33,helion,bf16,16384,8192,2.1688,2.163,2.1749,247.5,90.7,77.85,"autotune=quick block_sizes=[1] num_warps=32 num_stages=3 pid_type=flat indexing=['pointer','pointer','pointer','tensor_descriptor','pointer','pointer','pointer']",2411.0,20.8,2483,38.5,15.8,82.9856,249.1,6.47,10.97
hennessy-energia,run_rmsnorm_helion,20261008-235133_job20851,NVIDIA GB10,610.57.04,2026-10-08T23:51:33,torch,bf16,16384,8192,2.4853,2.4781,2.4924,216.0,79.1,,,2483.0,38.6,2431,36.6,15.8,90.4025,217.4,5.94,10.45
hennessy-energia,run_rmsnorm_triton,20261008-235224_job20851,NVIDIA GB10,610.57.04,2026-10-08T23:52:24,triton,fp16,16384,8192,2.2149,2.2108,2.2231,242.4,88.8,0.27,num_warps=16,2418,24.7,2502,39.2,14.9,86.2439,244.0,6.23,10.04
hennessy-energia,run_rmsnorm_triton,20261008-235224_job20851,NVIDIA GB10,610.57.04,2026-10-08T23:52:24,torch,fp16,16384,8192,2.4863,2.4781,2.4965,215.9,79.1,,,2483.0,39.4,2437,36.5,14.9,90.2264,217.2,5.95,10.06
hennessy-energia,run_rmsnorm_triton,20261008-235224_job20851,NVIDIA GB10,610.57.04,2026-10-08T23:52:24,triton,bf16,16384,8192,2.217,2.2115,2.2236,242.2,88.7,0.0,num_warps=16,2431,36.8,2483,38.9,14.9,85.6137,243.9,6.27,10.16
hennessy-energia,run_rmsnorm_triton,20261008-235224_job20851,NVIDIA GB10,610.57.04,2026-10-08T23:52:24,torch,bf16,16384,8192,2.4758,2.4678,2.4844,216.9,79.5,,,2483.0,35.2,2431,36.2,14.9,89.222,217.8,6.02,10.23
hennessy-frio,run_rmsnorm_cutlass,20261008-161324_job20843,NVIDIA GB10,610.57.04,2026-10-08T16:13:24,cutlass,fp16,16384,8192,2.174,2.1688,2.183,247.0,90.5,55.52,rmsnorm_twoPassAlgo_e8,2411.0,13.5,,,,,,,
hennessy-frio,run_rmsnorm_cutlass,20261008-161324_job20843,NVIDIA GB10,610.57.04,2026-10-08T16:13:24,torch,fp16,16384,8192,2.496,2.4842,2.5056,215.1,78.8,,,2450,30.0,,,,,,,
hennessy-frio,run_rmsnorm_gluon,20261008-161332_job20843,NVIDIA GB10,610.57.04,2026-10-08T16:13:32,gluon,fp16,16384,8192,2.218,2.2129,2.2252,242.1,88.7,0.6,num_warps=16 vec=8,2489,15.8,,,,,,,
hennessy-frio,run_rmsnorm_gluon,20261008-161332_job20843,NVIDIA GB10,610.57.04,2026-10-08T16:13:32,torch,fp16,16384,8192,2.4852,2.4772,2.4981,216.0,79.1,,,2522,26.5,,,,,,,
hennessy-frio,run_rmsnorm_helion,20261008-161502_job20843,NVIDIA GB10,610.57.04,2026-10-08T16:15:02,helion,fp16,16384,8192,2.1719,2.1678,2.1806,247.2,90.5,77.33,"autotune=quick block_sizes=[1] num_warps=32 num_stages=1 pid_type=flat indexing=['tensor_descriptor','pointer','pointer','pointer','tensor_descriptor','tensor_descriptor','pointer']",2418,18.0,,,,,,,
hennessy-frio,run_rmsnorm_helion,20261008-161502_job20843,NVIDIA GB10,610.57.04,2026-10-08T16:15:02,torch,fp16,16384,8192,2.6236,2.6122,2.6368,204.6,74.9,,,2502.0,28.5,,,,,,,
hennessy-frio,run_rmsnorm_triton,20261008-161513_job20843,NVIDIA GB10,610.57.04,2026-10-08T16:15:13,triton,fp16,16384,8192,2.2159,2.2118,2.2236,242.3,88.8,0.61,num_warps=16,2418,15.5,,,,,,,
hennessy-frio,run_rmsnorm_triton,20261008-161513_job20843,NVIDIA GB10,610.57.04,2026-10-08T16:15:13,torch,fp16,16384,8192,2.4944,2.4862,2.5076,215.2,78.8,,,2502,27.2,,,,,,,
pascal,run_rmsnorm_cutlass,20261004-214209_job20638,NVIDIA GeForce RTX 5090,610.43.02,2026-10-04T21:42:09,cutlass,fp16,4096,2048,0.0282,0.0282,0.0302,1189.0,66.4,57.54,rmsnorm_twoPassAlgo_e8,,,,,,,,,
pascal,run_rmsnorm_cutlass,20261004-214209_job20638,NVIDIA GeForce RTX 5090,610.43.02,2026-10-04T21:42:09,torch,fp16,4096,2048,0.0303,0.0301,0.0312,1108.6,61.9,,,,,,,,,,,
pascal,run_rmsnorm_cutlass,20261004-214209_job20638,NVIDIA GeForce RTX 5090,610.43.02,2026-10-04T21:42:09,cutlass,fp16,4096,4096,0.0496,0.0487,0.0507,1353.2,75.5,0.0,rmsnorm_twoPassAlgo_e8,,,,,,,,,
pascal,run_rmsnorm_cutlass,20261004-214209_job20638,NVIDIA GeForce RTX 5090,610.43.02,2026-10-04T21:42:09,torch,fp16,4096,4096,0.0569,0.0559,0.0579,1179.0,65.8,,,,,,,,,,,
pascal,run_rmsnorm_cutlass,20261004-214209_job20638,NVIDIA GeForce RTX 5090,610.43.02,2026-10-04T21:42:09,cutlass,fp16,4096,8192,0.0958,0.0958,0.0978,1401.1,78.2,0.0,rmsnorm_twoPassAlgo_e8,,,,,,,,,
pascal,run_rmsnorm_cutlass,20261004-214209_job20638,NVIDIA GeForce RTX 5090,610.43.02,2026-10-04T21:42:09,torch,fp16,4096,8192,0.1173,0.1163,0.1192,1144.6,63.9,,,,,,,,,,,
pascal,run_rmsnorm_cutlass,20261004-214209_job20638,NVIDIA GeForce RTX 5090,610.43.02,2026-10-04T21:42:09,cutlass,fp16,16384,2048,0.0967,0.0956,0.0978,1388.0,77.5,0.0,rmsnorm_twoPassAlgo_e8,,,,,,,,,
pascal,run_rmsnorm_cutlass,20261004-214209_job20638,NVIDIA GeForce RTX 5090,610.43.02,2026-10-04T21:42:09,torch,fp16,16384,2048,0.0988,0.0978,0.0999,1359.2,75.8,,,,,,,,,,,
pascal,run_rmsnorm_cutlass,20261004-214209_job20638,NVIDIA GeForce RTX 5090,610.43.02,2026-10-04T21:42:09,cutlass,fp16,16384,4096,0.1889,0.1869,0.1899,1421.4,79.3,0.0,rmsnorm_twoPassAlgo_e8,,,,,,,,,
pascal,run_rmsnorm_cutlass,20261004-214209_job20638,NVIDIA GeForce RTX 5090,610.43.02,2026-10-04T21:42:09,torch,fp16,16384,4096,0.1951,0.1941,0.1962,1375.7,76.8,,,,,,,,,,,
pascal,run_rmsnorm_cutlass,20261004-214209_job20638,NVIDIA GeForce RTX 5090,610.43.02,2026-10-04T21:42:09,cutlass,fp16,16384,8192,0.3732,0.3712,0.3752,1438.7,80.3,0.0,rmsnorm_twoPassAlgo_e8,,,,,,,,,
pascal,run_rmsnorm_cutlass,20261004-214209_job20638,NVIDIA GeForce RTX 5090,610.43.02,2026-10-04T21:42:09,torch,fp16,16384,8192,0.4132,0.4092,0.4153,1299.3,72.5,,,,,,,,,,,
pascal,run_rmsnorm_cutlass,20261004-214209_job20638,NVIDIA GeForce RTX 5090,610.43.02,2026-10-04T21:42:09,cutlass,bf16,4096,2048,0.0496,0.0487,0.0507,676.6,37.8,0.0,rmsnorm_twoPassAlgo_e1,,,,,,,,,
pascal,run_rmsnorm_cutlass,20261004-214209_job20638,NVIDIA GeForce RTX 5090,610.43.02,2026-10-04T21:42:09,torch,bf16,4096,2048,0.0312,0.0303,0.0313,1076.7,60.1,,,,,,,,,,,
pascal,run_rmsnorm_cutlass,20261004-214209_job20638,NVIDIA GeForce RTX 5090,610.43.02,2026-10-04T21:42:09,cutlass,bf16,4096,4096,0.0742,0.0732,0.0753,904.8,50.5,0.0,rmsnorm_twoPassAlgo_e1,,,,,,,,,
pascal,run_rmsnorm_cutlass,20261004-214209_job20638,NVIDIA GeForce RTX 5090,610.43.02,2026-10-04T21:42:09,torch,bf16,4096,4096,0.0578,0.0558,0.0579,1161.4,64.8,,,,,,,,,,,
pascal,run_rmsnorm_cutlass,20261004-214209_job20638,NVIDIA GeForce RTX 5090,610.43.02,2026-10-04T21:42:09,cutlass,bf16,4096,8192,0.1151,0.1131,0.1172,1165.9,65.1,0.0,rmsnorm_twoPassAlgo_e1,,,,,,,,,
pascal,run_rmsnorm_cutlass,20261004-214209_job20638,NVIDIA GeForce RTX 5090,610.43.02,2026-10-04T21:42:09,torch,bf16,4096,8192,0.1183,0.1163,0.1203,1134.3,63.3,,,,,,,,,,,
pascal,run_rmsnorm_cutlass,20261004-214209_job20638,NVIDIA GeForce RTX 5090,610.43.02,2026-10-04T21:42:09,cutlass,bf16,16384,2048,0.1131,0.1122,0.1142,1186.9,66.2,0.0,rmsnorm_twoPassAlgo_e1,,,,,,,,,
pascal,run_rmsnorm_cutlass,20261004-214209_job20638,NVIDIA GeForce RTX 5090,610.43.02,2026-10-04T21:42:09,torch,bf16,16384,2048,0.0988,0.0978,0.0999,1359.2,75.8,,,,,,,,,,,
pascal,run_rmsnorm_cutlass,20261004-214209_job20638,NVIDIA GeForce RTX 5090,610.43.02,2026-10-04T21:42:09,cutlass,bf16,16384,4096,0.1991,0.1991,0.2012,1348.0,75.2,0.0,rmsnorm_twoPassAlgo_e1,,,,,,,,,
pascal,run_rmsnorm_cutlass,20261004-214209_job20638,NVIDIA GeForce RTX 5090,610.43.02,2026-10-04T21:42:09,torch,bf16,16384,4096,0.195,0.193,0.1962,1376.6,76.8,,,,,,,,,,,
pascal,run_rmsnorm_cutlass,20261004-214209_job20638,NVIDIA GeForce RTX 5090,610.43.02,2026-10-04T21:42:09,cutlass,bf16,16384,8192,0.3835,0.3824,0.3855,1400.1,78.1,0.0,rmsnorm_twoPassAlgo_e1,,,,,,,,,
pascal,run_rmsnorm_cutlass,20261004-214209_job20638,NVIDIA GeForce RTX 5090,610.43.02,2026-10-04T21:42:09,torch,bf16,16384,8192,0.4121,0.4091,0.4152,1302.8,72.7,,,,,,,,,,,
pascal,run_rmsnorm_gluon,20261002-115344_job20499,NVIDIA GeForce RTX 5090,610.43.02,2026-10-02T11:53:44,gluon,fp16,4096,2048,0.0241,0.024,0.0246,1392.7,77.7,0.17,num_warps=8 vec=8,,,,,,,,,
pascal,run_rmsnorm_gluon,20261002-115344_job20499,NVIDIA GeForce RTX 5090,610.43.02,2026-10-02T11:53:44,torch,fp16,4096,2048,0.0241,0.0241,0.0261,1390.9,77.6,,,,,,,,,,,
pascal,run_rmsnorm_gluon,20261002-115344_job20499,NVIDIA GeForce RTX 5090,610.43.02,2026-10-02T11:53:44,gluon,fp16,4096,4096,0.0455,0.0435,0.0456,1475.0,82.3,0.0,num_warps=16 vec=8,,,,,,,,,
pascal,run_rmsnorm_gluon,20261002-115344_job20499,NVIDIA GeForce RTX 5090,610.43.02,2026-10-02T11:53:44,torch,fp16,4096,4096,0.0487,0.0472,0.0496,1378.1,76.9,,,,,,,,,,,
pascal,run_rmsnorm_gluon,20261002-115344_job20499,NVIDIA GeForce RTX 5090,610.43.02,2026-10-02T11:53:44,gluon,fp16,4096,8192,0.0885,0.0876,0.0896,1516.6,84.6,0.0,num_warps=16 vec=8,,,,,,,,,
pascal,run_rmsnorm_gluon,20261002-115344_job20499,NVIDIA GeForce RTX 5090,610.43.02,2026-10-02T11:53:44,torch,fp16,4096,8192,0.1049,0.1029,0.106,1279.7,71.4,,,,,,,,,,,
pascal,run_rmsnorm_gluon,20261002-115344_job20499,NVIDIA GeForce RTX 5090,610.43.02,2026-10-02T11:53:44,gluon,fp16,16384,2048,0.0886,0.0881,0.0906,1515.3,84.6,0.0,num_warps=8 vec=8,,,,,,,,,
pascal,run_rmsnorm_gluon,20261002-115344_job20499,NVIDIA GeForce RTX 5090,610.43.02,2026-10-02T11:53:44,torch,fp16,16384,2048,0.0915,0.0902,0.0926,1466.6,81.8,,,,,,,,,,,
pascal,run_rmsnorm_gluon,20261002-115344_job20499,NVIDIA GeForce RTX 5090,610.43.02,2026-10-02T11:53:44,gluon,fp16,16384,4096,0.1787,0.1776,0.1797,1502.6,83.9,0.0,num_warps=16 vec=8,,,,,,,,,
pascal,run_rmsnorm_gluon,20261002-115344_job20499,NVIDIA GeForce RTX 5090,610.43.02,2026-10-02T11:53:44,torch,fp16,16384,4096,0.1827,0.1818,0.1843,1469.2,82.0,,,,,,,,,,,
pascal,run_rmsnorm_gluon,20261002-115344_job20499,NVIDIA GeForce RTX 5090,610.43.02,2026-10-02T11:53:44,gluon,fp16,16384,8192,0.3529,0.3527,0.3548,1521.2,84.9,0.0,num_warps=16 vec=8,,,,,,,,,
pascal,run_rmsnorm_gluon,20261002-115344_job20499,NVIDIA GeForce RTX 5090,610.43.02,2026-10-02T11:53:44,torch,fp16,16384,8192,0.3866,0.3831,0.3892,1388.8,77.5,,,,,,,,,,,
pascal,run_rmsnorm_gluon,20261002-115344_job20499,NVIDIA GeForce RTX 5090,610.43.02,2026-10-02T11:53:44,gluon,bf16,4096,2048,0.022,0.02,0.024,1522.1,84.9,0.0,num_warps=8 vec=8,,,,,,,,,
pascal,run_rmsnorm_gluon,20261002-115344_job20499,NVIDIA GeForce RTX 5090,610.43.02,2026-10-02T11:53:44,torch,bf16,4096,2048,0.0261,0.0247,0.0271,1283.6,71.6,,,,,,,,,,,
pascal,run_rmsnorm_gluon,20261002-115344_job20499,NVIDIA GeForce RTX 5090,610.43.02,2026-10-02T11:53:44,gluon,bf16,4096,4096,0.0446,0.0431,0.0455,1504.6,84.0,0.0,num_warps=16 vec=8,,,,,,,,,
pascal,run_rmsnorm_gluon,20261002-115344_job20499,NVIDIA GeForce RTX 5090,610.43.02,2026-10-02T11:53:44,torch,bf16,4096,4096,0.0487,0.0476,0.0496,1378.1,76.9,,,,,,,,,,,
pascal,run_rmsnorm_gluon,20261002-115344_job20499,NVIDIA GeForce RTX 5090,610.43.02,2026-10-02T11:53:44,gluon,bf16,4096,8192,0.09,0.0885,0.0906,1491.2,83.2,0.0,num_warps=16 vec=8,,,,,,,,,
pascal,run_rmsnorm_gluon,20261002-115344_job20499,NVIDIA GeForce RTX 5090,610.43.02,2026-10-02T11:53:44,torch,bf16,4096,8192,0.1049,0.1029,0.1066,1279.7,71.4,,,,,,,,,,,
pascal,run_rmsnorm_gluon,20261002-115344_job20499,NVIDIA GeForce RTX 5090,610.43.02,2026-10-02T11:53:44,gluon,bf16,16384,2048,0.0901,0.0885,0.0906,1489.5,83.1,0.0,num_warps=8 vec=8,,,,,,,,,
pascal,run_rmsnorm_gluon,20261002-115344_job20499,NVIDIA GeForce RTX 5090,610.43.02,2026-10-02T11:53:44,torch,bf16,16384,2048,0.0926,0.0917,0.0927,1449.4,80.9,,,,,,,,,,,
pascal,run_rmsnorm_gluon,20261002-115344_job20499,NVIDIA GeForce RTX 5090,610.43.02,2026-10-02T11:53:44,gluon,bf16,16384,4096,0.1767,0.1757,0.1784,1519.4,84.8,0.0,num_warps=16 vec=8,,,,,,,,,
pascal,run_rmsnorm_gluon,20261002-115344_job20499,NVIDIA GeForce RTX 5090,610.43.02,2026-10-02T11:53:44,torch,bf16,16384,4096,0.1824,0.1807,0.1828,1472.0,82.1,,,,,,,,,,,
pascal,run_rmsnorm_gluon,20261002-115344_job20499,NVIDIA GeForce RTX 5090,610.43.02,2026-10-02T11:53:44,gluon,bf16,16384,8192,0.3548,0.3527,0.3548,1513.4,84.5,0.0,num_warps=16 vec=8,,,,,,,,,
pascal,run_rmsnorm_gluon,20261002-115344_job20499,NVIDIA GeForce RTX 5090,610.43.02,2026-10-02T11:53:44,torch,bf16,16384,8192,0.3855,0.3834,0.3886,1392.6,77.7,,,,,,,,,,,
pascal,run_rmsnorm_tlx,20261002-092338_job20499,NVIDIA GeForce RTX 5090,,2026-10-02T09:23:38,tlx,fp16,4096,2048,0.0245,0.0225,0.0266,1367.3,76.3,0.26,carga=cp.async stages=3 num_warps=8 grid=680,,,,,,,,,
pascal,run_rmsnorm_tlx,20261002-092338_job20499,NVIDIA GeForce RTX 5090,,2026-10-02T09:23:38,torch,fp16,4096,2048,0.0251,0.025,0.0271,1339.3,74.7,,,,,,,,,,,
pascal,run_rmsnorm_tlx,20261002-092338_job20499,NVIDIA GeForce RTX 5090,,2026-10-02T09:23:38,tlx,fp16,4096,4096,0.0512,0.0512,0.0532,1310.1,73.1,0.09,carga=cp.async stages=3 num_warps=16 grid=680,,,,,,,,,
pascal,run_rmsnorm_tlx,20261002-092338_job20499,NVIDIA GeForce RTX 5090,,2026-10-02T09:23:38,torch,fp16,4096,4096,0.0487,0.0467,0.0496,1379.0,77.0,,,,,,,,,,,
pascal,run_rmsnorm_tlx,20261002-092338_job20499,NVIDIA GeForce RTX 5090,,2026-10-02T09:23:38,tlx,fp16,4096,8192,0.0942,0.0922,0.0942,1425.4,79.5,0.09,carga=cp.async stages=3 num_warps=16 grid=340,,,,,,,,,
pascal,run_rmsnorm_tlx,20261002-092338_job20499,NVIDIA GeForce RTX 5090,,2026-10-02T09:23:38,torch,fp16,4096,8192,0.104,0.1029,0.106,1290.7,72.0,,,,,,,,,,,
pascal,run_rmsnorm_tlx,20261002-092338_job20499,NVIDIA GeForce RTX 5090,,2026-10-02T09:23:38,tlx,fp16,16384,2048,0.0963,0.0962,0.0983,1394.4,77.8,0.0,carga=cp.async stages=3 num_warps=8 grid=680,,,,,,,,,
pascal,run_rmsnorm_tlx,20261002-092338_job20499,NVIDIA GeForce RTX 5090,,2026-10-02T09:23:38,torch,fp16,16384,2048,0.0908,0.0897,0.0926,1479.0,82.5,,,,,,,,,,,
pascal,run_rmsnorm_tlx,20261002-092338_job20499,NVIDIA GeForce RTX 5090,,2026-10-02T09:23:38,tlx,fp16,16384,4096,0.1946,0.1945,0.1966,1379.7,77.0,0.0,carga=cp.async stages=3 num_warps=16 grid=680,,,,,,,,,
pascal,run_rmsnorm_tlx,20261002-092338_job20499,NVIDIA GeForce RTX 5090,,2026-10-02T09:23:38,torch,fp16,16384,4096,0.1828,0.1818,0.1848,1468.6,82.0,,,,,,,,,,,
pascal,run_rmsnorm_tlx,20261002-092338_job20499,NVIDIA GeForce RTX 5090,,2026-10-02T09:23:38,tlx,fp16,16384,8192,0.3686,0.3686,0.3707,1456.4,81.3,0.0,carga=cp.async stages=3 num_warps=16 grid=340,,,,,,,,,
pascal,run_rmsnorm_tlx,20261002-092338_job20499,NVIDIA GeForce RTX 5090,,2026-10-02T09:23:38,torch,fp16,16384,8192,0.3875,0.3845,0.3896,1385.4,77.3,,,,,,,,,,,
pascal,run_rmsnorm_tlx,20261002-092338_job20499,NVIDIA GeForce RTX 5090,,2026-10-02T09:23:38,tlx,bf16,4096,2048,0.0246,0.0245,0.0266,1365.5,76.2,0.08,carga=cp.async stages=3 num_warps=8 grid=680,,,,,,,,,
pascal,run_rmsnorm_tlx,20261002-092338_job20499,NVIDIA GeForce RTX 5090,,2026-10-02T09:23:38,torch,bf16,4096,2048,0.0261,0.0241,0.0262,1285.2,71.7,,,,,,,,,,,
pascal,run_rmsnorm_tlx,20261002-092338_job20499,NVIDIA GeForce RTX 5090,,2026-10-02T09:23:38,tlx,bf16,4096,4096,0.0512,0.0512,0.0532,1310.9,73.2,0.08,carga=cp.async stages=3 num_warps=16 grid=680,,,,,,,,,
pascal,run_rmsnorm_tlx,20261002-092338_job20499,NVIDIA GeForce RTX 5090,,2026-10-02T09:23:38,torch,bf16,4096,4096,0.0486,0.0466,0.0487,1379.9,77.0,,,,,,,,,,,
pascal,run_rmsnorm_tlx,20261002-092338_job20499,NVIDIA GeForce RTX 5090,,2026-10-02T09:23:38,tlx,bf16,4096,8192,0.0942,0.0942,0.0963,1424.9,79.5,0.09,carga=cp.async stages=3 num_warps=16 grid=340,,,,,,,,,
pascal,run_rmsnorm_tlx,20261002-092338_job20499,NVIDIA GeForce RTX 5090,,2026-10-02T09:23:38,torch,bf16,4096,8192,0.1048,0.1029,0.106,1280.5,71.5,,,,,,,,,,,
pascal,run_rmsnorm_tlx,20261002-092338_job20499,NVIDIA GeForce RTX 5090,,2026-10-02T09:23:38,tlx,bf16,16384,2048,0.0983,0.0963,0.1004,1365.4,76.2,0.0,carga=cp.async stages=3 num_warps=8 grid=680,,,,,,,,,
pascal,run_rmsnorm_tlx,20261002-092338_job20499,NVIDIA GeForce RTX 5090,,2026-10-02T09:23:38,torch,bf16,16384,2048,0.0926,0.0916,0.0927,1449.4,80.9,,,,,,,,,,,
pascal,run_rmsnorm_tlx,20261002-092338_job20499,NVIDIA GeForce RTX 5090,,2026-10-02T09:23:38,tlx,bf16,16384,4096,0.1945,0.1925,0.1946,1380.0,77.0,0.0,carga=cp.async stages=3 num_warps=16 grid=680,,,,,,,,,
pascal,run_rmsnorm_tlx,20261002-092338_job20499,NVIDIA GeForce RTX 5090,,2026-10-02T09:23:38,torch,bf16,16384,4096,0.1819,0.1807,0.1828,1476.1,82.4,,,,,,,,,,,
pascal,run_rmsnorm_tlx,20261002-092338_job20499,NVIDIA GeForce RTX 5090,,2026-10-02T09:23:38,tlx,bf16,16384,8192,0.3686,0.3684,0.3707,1456.4,81.3,0.0,carga=cp.async stages=3 num_warps=16 grid=340,,,,,,,,,
pascal,run_rmsnorm_tlx,20261002-092338_job20499,NVIDIA GeForce RTX 5090,,2026-10-02T09:23:38,torch,bf16,16384,8192,0.3855,0.3834,0.3876,1392.7,77.7,,,,,,,,,,,
pascal,run_rmsnorm_triton,20261002-092354_job20499,NVIDIA GeForce RTX 5090,,2026-10-02T09:23:54,triton,fp16,4096,2048,0.0241,0.0231,0.0246,1392.7,77.7,0.25,num_warps=8,,,,,,,,,
pascal,run_rmsnorm_triton,20261002-092354_job20499,NVIDIA GeForce RTX 5090,,2026-10-02T09:23:54,torch,fp16,4096,2048,0.0241,0.0241,0.0261,1390.9,77.6,,,,,,,,,,,
pascal,run_rmsnorm_triton,20261002-092354_job20499,NVIDIA GeForce RTX 5090,,2026-10-02T09:23:54,triton,fp16,4096,4096,0.0455,0.0435,0.0456,1475.0,82.3,0.06,num_warps=16,,,,,,,,,
pascal,run_rmsnorm_triton,20261002-092354_job20499,NVIDIA GeForce RTX 5090,,2026-10-02T09:23:54,torch,fp16,4096,4096,0.0487,0.0467,0.0496,1379.0,77.0,,,,,,,,,,,
pascal,run_rmsnorm_triton,20261002-092354_job20499,NVIDIA GeForce RTX 5090,,2026-10-02T09:23:54,triton,fp16,4096,8192,0.0886,0.0885,0.0906,1515.5,84.6,0.06,num_warps=16,,,,,,,,,
pascal,run_rmsnorm_triton,20261002-092354_job20499,NVIDIA GeForce RTX 5090,,2026-10-02T09:23:54,torch,fp16,4096,8192,0.1049,0.1029,0.106,1279.7,71.4,,,,,,,,,,,
pascal,run_rmsnorm_triton,20261002-092354_job20499,NVIDIA GeForce RTX 5090,,2026-10-02T09:23:54,triton,fp16,16384,2048,0.0887,0.0885,0.0906,1513.7,84.5,0.0,num_warps=8,,,,,,,,,
pascal,run_rmsnorm_triton,20261002-092354_job20499,NVIDIA GeForce RTX 5090,,2026-10-02T09:23:54,torch,fp16,16384,2048,0.0908,0.0897,0.0926,1478.5,82.5,,,,,,,,,,,
pascal,run_rmsnorm_triton,20261002-092354_job20499,NVIDIA GeForce RTX 5090,,2026-10-02T09:23:54,triton,fp16,16384,4096,0.1777,0.1767,0.179,1510.4,84.3,0.0,num_warps=16,,,,,,,,,
pascal,run_rmsnorm_triton,20261002-092354_job20499,NVIDIA GeForce RTX 5090,,2026-10-02T09:23:54,torch,fp16,16384,4096,0.1828,0.1818,0.1848,1468.6,82.0,,,,,,,,,,,
pascal,run_rmsnorm_triton,20261002-092354_job20499,NVIDIA GeForce RTX 5090,,2026-10-02T09:23:54,triton,fp16,16384,8192,0.3529,0.3527,0.3548,1521.4,84.9,0.0,num_warps=16,,,,,,,,,
pascal,run_rmsnorm_triton,20261002-092354_job20499,NVIDIA GeForce RTX 5090,,2026-10-02T09:23:54,torch,fp16,16384,8192,0.3865,0.3836,0.3886,1389.0,77.5,,,,,,,,,,,
pascal,run_rmsnorm_triton,20261002-092354_job20499,NVIDIA GeForce RTX 5090,,2026-10-02T09:23:54,triton,bf16,4096,2048,0.022,0.02,0.0241,1524.3,85.1,0.06,num_warps=8,,,,,,,,,
pascal,run_rmsnorm_triton,20261002-092354_job20499,NVIDIA GeForce RTX 5090,,2026-10-02T09:23:54,torch,bf16,4096,2048,0.0261,0.0241,0.0271,1285.2,71.7,,,,,,,,,,,
pascal,run_rmsnorm_triton,20261002-092354_job20499,NVIDIA GeForce RTX 5090,,2026-10-02T09:23:54,triton,bf16,4096,4096,0.0446,0.0426,0.0455,1505.7,84.0,0.06,num_warps=16,,,,,,,,,
pascal,run_rmsnorm_triton,20261002-092354_job20499,NVIDIA GeForce RTX 5090,,2026-10-02T09:23:54,torch,bf16,4096,4096,0.0487,0.0476,0.0497,1379.0,77.0,,,,,,,,,,,
pascal,run_rmsnorm_triton,20261002-092354_job20499,NVIDIA GeForce RTX 5090,,2026-10-02T09:23:54,triton,bf16,4096,8192,0.0895,0.0876,0.0906,1499.2,83.7,0.06,num_warps=16,,,,,,,,,
pascal,run_rmsnorm_triton,20261002-092354_job20499,NVIDIA GeForce RTX 5090,,2026-10-02T09:23:54,torch,bf16,4096,8192,0.1049,0.1029,0.1069,1279.7,71.4,,,,,,,,,,,
pascal,run_rmsnorm_triton,20261002-092354_job20499,NVIDIA GeForce RTX 5090,,2026-10-02T09:23:54,triton,bf16,16384,2048,0.0906,0.0886,0.0906,1482.1,82.7,0.0,num_warps=8,,,,,,,,,
pascal,run_rmsnorm_triton,20261002-092354_job20499,NVIDIA GeForce RTX 5090,,2026-10-02T09:23:54,torch,bf16,16384,2048,0.0926,0.0916,0.0927,1449.4,80.9,,,,,,,,,,,
pascal,run_rmsnorm_triton,20261002-092354_job20499,NVIDIA GeForce RTX 5090,,2026-10-02T09:23:54,triton,bf16,16384,4096,0.1767,0.1756,0.1777,1519.2,84.8,0.0,num_warps=16,,,,,,,,,
pascal,run_rmsnorm_triton,20261002-092354_job20499,NVIDIA GeForce RTX 5090,,2026-10-02T09:23:54,torch,bf16,16384,4096,0.1818,0.1798,0.1828,1476.7,82.4,,,,,,,,,,,
pascal,run_rmsnorm_triton,20261002-092354_job20499,NVIDIA GeForce RTX 5090,,2026-10-02T09:23:54,triton,bf16,16384,8192,0.3548,0.3528,0.3548,1513.4,84.5,0.0,num_warps=16,,,,,,,,,
pascal,run_rmsnorm_triton,20261002-092354_job20499,NVIDIA GeForce RTX 5090,,2026-10-02T09:23:54,torch,bf16,16384,8192,0.3855,0.3834,0.3886,1392.6,77.7,,,,,,,,,,,
patterson,run_rmsnorm_cutlass,20260930-164148_job20435,NVIDIA GB10,,2026-09-30T16:41:48,cutlass,fp16,4096,2048,0.1751,0.1741,0.1761,191.6,70.2,54.04,rmsnorm_twoPassAlgo_e8,,,,,,,,,
patterson,run_rmsnorm_cutlass,20260930-164148_job20435,NVIDIA GB10,,2026-09-30T16:41:48,torch,fp16,4096,2048,0.1772,0.1761,0.1782,189.4,69.4,,,,,,,,,,,
patterson,run_rmsnorm_cutlass,20260930-164148_job20435,NVIDIA GB10,,2026-09-30T16:41:48,cutlass,fp16,4096,4096,0.3236,0.3226,0.3246,207.4,76.0,0.0,rmsnorm_twoPassAlgo_e8,,,,,,,,,
patterson,run_rmsnorm_cutlass,20260930-164148_job20435,NVIDIA GB10,,2026-09-30T16:41:48,torch,fp16,4096,4096,0.3306,0.3288,0.3318,203.0,74.4,,,,,,,,,,,
patterson,run_rmsnorm_cutlass,20260930-164148_job20435,NVIDIA GB10,,2026-09-30T16:41:48,cutlass,fp16,4096,8192,0.6021,0.6011,0.6032,222.9,81.6,0.0,rmsnorm_twoPassAlgo_e8,,,,,,,,,
patterson,run_rmsnorm_cutlass,20260930-164148_job20435,NVIDIA GB10,,2026-09-30T16:41:48,torch,fp16,4096,8192,0.6851,0.683,0.6871,195.9,71.8,,,,,,,,,,,
patterson,run_rmsnorm_cutlass,20260930-164148_job20435,NVIDIA GB10,,2026-09-30T16:41:48,cutlass,fp16,16384,2048,0.6226,0.6205,0.6236,215.6,79.0,0.0,rmsnorm_twoPassAlgo_e8,,,,,,,,,
patterson,run_rmsnorm_cutlass,20260930-164148_job20435,NVIDIA GB10,,2026-09-30T16:41:48,torch,fp16,16384,2048,0.6277,0.6267,0.6298,213.8,78.3,,,,,,,,,,,
patterson,run_rmsnorm_cutlass,20260930-164148_job20435,NVIDIA GB10,,2026-09-30T16:41:48,cutlass,fp16,16384,4096,1.2135,1.2115,1.2156,221.2,81.0,0.0,rmsnorm_twoPassAlgo_e8,,,,,,,,,
patterson,run_rmsnorm_cutlass,20260930-164148_job20435,NVIDIA GB10,,2026-09-30T16:41:48,torch,fp16,16384,4096,1.2431,1.2411,1.2456,215.9,79.1,,,,,,,,,,,
patterson,run_rmsnorm_cutlass,20260930-164148_job20435,NVIDIA GB10,,2026-09-30T16:41:48,cutlass,fp16,16384,8192,2.3297,2.3276,2.3327,230.5,84.4,0.0,rmsnorm_twoPassAlgo_e8,,,,,,,,,
patterson,run_rmsnorm_cutlass,20260930-164148_job20435,NVIDIA GB10,,2026-09-30T16:41:48,torch,fp16,16384,8192,2.7023,2.6984,2.7065,198.7,72.8,,,,,,,,,,,
patterson,run_rmsnorm_cutlass,20260930-164148_job20435,NVIDIA GB10,,2026-09-30T16:41:48,cutlass,bf16,4096,2048,0.1874,0.1864,0.1894,179.1,65.6,0.0,rmsnorm_twoPassAlgo_e1,,,,,,,,,
patterson,run_rmsnorm_cutlass,20260930-164148_job20435,NVIDIA GB10,,2026-09-30T16:41:48,torch,bf16,4096,2048,0.1772,0.1761,0.1781,189.4,69.4,,,,,,,,,,,
patterson,run_rmsnorm_cutlass,20260930-164148_job20435,NVIDIA GB10,,2026-09-30T16:41:48,cutlass,bf16,4096,4096,0.3451,0.343,0.3471,194.5,71.2,0.0,rmsnorm_twoPassAlgo_e1,,,,,,,,,
patterson,run_rmsnorm_cutlass,20260930-164148_job20435,NVIDIA GB10,,2026-09-30T16:41:48,torch,bf16,4096,4096,0.3298,0.3289,0.3316,203.5,74.5,,,,,,,,,,,
patterson,run_rmsnorm_cutlass,20260930-164148_job20435,NVIDIA GB10,,2026-09-30T16:41:48,cutlass,bf16,4096,8192,0.6523,0.6503,0.6543,205.8,75.4,0.0,rmsnorm_twoPassAlgo_e1,,,,,,,,,
patterson,run_rmsnorm_cutlass,20260930-164148_job20435,NVIDIA GB10,,2026-09-30T16:41:48,torch,bf16,4096,8192,0.6798,0.6778,0.682,197.4,72.3,,,,,,,,,,,
patterson,run_rmsnorm_cutlass,20260930-164148_job20435,NVIDIA GB10,,2026-09-30T16:41:48,cutlass,bf16,16384,2048,0.6697,0.6666,0.6728,200.4,73.4,0.0,rmsnorm_twoPassAlgo_e1,,,,,,,,,
patterson,run_rmsnorm_cutlass,20260930-164148_job20435,NVIDIA GB10,,2026-09-30T16:41:48,torch,bf16,16384,2048,0.6195,0.6185,0.6216,216.7,79.4,,,,,,,,,,,
patterson,run_rmsnorm_cutlass,20260930-164148_job20435,NVIDIA GB10,,2026-09-30T16:41:48,cutlass,bf16,16384,4096,1.2933,1.2892,1.2984,207.6,76.0,0.0,rmsnorm_twoPassAlgo_e1,,,,,,,,,
patterson,run_rmsnorm_cutlass,20260930-164148_job20435,NVIDIA GB10,,2026-09-30T16:41:48,torch,bf16,16384,4096,1.2431,1.2411,1.2462,215.9,79.1,,,,,,,,,,,
patterson,run_rmsnorm_cutlass,20260930-164148_job20435,NVIDIA GB10,,2026-09-30T16:41:48,cutlass,bf16,16384,8192,2.5375,2.5344,2.5411,211.6,77.5,0.0,rmsnorm_twoPassAlgo_e1,,,,,,,,,
patterson,run_rmsnorm_cutlass,20260930-164148_job20435,NVIDIA GB10,,2026-09-30T16:41:48,torch,bf16,16384,8192,2.7024,2.6976,2.7075,198.7,72.8,,,,,,,,,,,
patterson,run_rmsnorm_gluon,20260930-155527_job20435,NVIDIA GB10,,2026-09-30T15:55:27,gluon,fp16,4096,2048,0.1751,0.174,0.1761,191.7,70.2,0.31,num_warps=8 vec=8,,,,,,,,,
patterson,run_rmsnorm_gluon,20260930-155527_job20435,NVIDIA GB10,,2026-09-30T15:55:27,torch,fp16,4096,2048,0.1782,0.1772,0.1792,188.3,69.0,,,,,,,,,,,
patterson,run_rmsnorm_gluon,20260930-155527_job20435,NVIDIA GB10,,2026-09-30T15:55:27,gluon,fp16,4096,4096,0.3236,0.3226,0.3246,207.4,76.0,0.05,num_warps=16 vec=8,,,,,,,,,
patterson,run_rmsnorm_gluon,20260930-155527_job20435,NVIDIA GB10,,2026-09-30T15:55:27,torch,fp16,4096,4096,0.3287,0.3277,0.3298,204.2,74.8,,,,,,,,,,,
patterson,run_rmsnorm_gluon,20260930-155527_job20435,NVIDIA GB10,,2026-09-30T15:55:27,gluon,fp16,4096,8192,0.6216,0.6205,0.6237,216.0,79.1,0.06,num_warps=16 vec=8,,,,,,,,,
patterson,run_rmsnorm_gluon,20260930-155527_job20435,NVIDIA GB10,,2026-09-30T15:55:27,torch,fp16,4096,8192,0.6912,0.6892,0.6943,194.2,71.1,,,,,,,,,,,
patterson,run_rmsnorm_gluon,20260930-155527_job20435,NVIDIA GB10,,2026-09-30T15:55:27,gluon,fp16,16384,2048,0.6205,0.6195,0.6225,216.3,79.2,0.0,num_warps=8 vec=8,,,,,,,,,
patterson,run_rmsnorm_gluon,20260930-155527_job20435,NVIDIA GB10,,2026-09-30T15:55:27,torch,fp16,16384,2048,0.6267,0.6247,0.6277,214.2,78.5,,,,,,,,,,,
patterson,run_rmsnorm_gluon,20260930-155527_job20435,NVIDIA GB10,,2026-09-30T15:55:27,gluon,fp16,16384,4096,1.2134,1.2114,1.2156,221.2,81.0,0.0,num_warps=16 vec=8,,,,,,,,,
patterson,run_rmsnorm_gluon,20260930-155527_job20435,NVIDIA GB10,,2026-09-30T15:55:27,torch,fp16,16384,4096,1.238,1.236,1.2411,216.8,79.4,,,,,,,,,,,
patterson,run_rmsnorm_gluon,20260930-155527_job20435,NVIDIA GB10,,2026-09-30T15:55:27,gluon,fp16,16384,8192,2.3951,2.3921,2.3982,224.2,82.1,0.0,num_warps=16 vec=8,,,,,,,,,
patterson,run_rmsnorm_gluon,20260930-155527_job20435,NVIDIA GB10,,2026-09-30T15:55:27,torch,fp16,16384,8192,2.6798,2.6757,2.6839,200.3,73.4,,,,,,,,,,,
patterson,run_rmsnorm_gluon,20260930-155527_job20435,NVIDIA GB10,,2026-09-30T15:55:27,gluon,bf16,4096,2048,0.1751,0.1741,0.1752,191.7,70.2,0.05,num_warps=8 vec=8,,,,,,,,,
patterson,run_rmsnorm_gluon,20260930-155527_job20435,NVIDIA GB10,,2026-09-30T15:55:27,torch,bf16,4096,2048,0.1782,0.1772,0.1792,188.3,69.0,,,,,,,,,,,
patterson,run_rmsnorm_gluon,20260930-155527_job20435,NVIDIA GB10,,2026-09-30T15:55:27,gluon,bf16,4096,4096,0.3236,0.3226,0.3256,207.4,76.0,0.05,num_warps=16 vec=8,,,,,,,,,
patterson,run_rmsnorm_gluon,20260930-155527_job20435,NVIDIA GB10,,2026-09-30T15:55:27,torch,bf16,4096,4096,0.3287,0.3277,0.3306,204.2,74.8,,,,,,,,,,,
patterson,run_rmsnorm_gluon,20260930-155527_job20435,NVIDIA GB10,,2026-09-30T15:55:27,gluon,bf16,4096,8192,0.6124,0.6114,0.6144,219.2,80.3,0.06,num_warps=16 vec=8,,,,,,,,,
patterson,run_rmsnorm_gluon,20260930-155527_job20435,NVIDIA GB10,,2026-09-30T15:55:27,torch,bf16,4096,8192,0.6881,0.6861,0.6902,195.1,71.5,,,,,,,,,,,
patterson,run_rmsnorm_gluon,20260930-155527_job20435,NVIDIA GB10,,2026-09-30T15:55:27,gluon,bf16,16384,2048,0.6093,0.6083,0.6113,220.3,80.7,0.0,num_warps=8 vec=8,,,,,,,,,
patterson,run_rmsnorm_gluon,20260930-155527_job20435,NVIDIA GB10,,2026-09-30T15:55:27,torch,bf16,16384,2048,0.6156,0.6146,0.6175,218.0,79.9,,,,,,,,,,,
patterson,run_rmsnorm_gluon,20260930-155527_job20435,NVIDIA GB10,,2026-09-30T15:55:27,gluon,bf16,16384,4096,1.2145,1.2134,1.2166,221.0,81.0,0.0,num_warps=16 vec=8,,,,,,,,,
patterson,run_rmsnorm_gluon,20260930-155527_job20435,NVIDIA GB10,,2026-09-30T15:55:27,torch,bf16,16384,4096,1.24,1.237,1.2421,216.5,79.3,,,,,,,,,,,
patterson,run_rmsnorm_gluon,20260930-155527_job20435,NVIDIA GB10,,2026-09-30T15:55:27,gluon,bf16,16384,8192,2.3982,2.3951,2.4003,223.9,82.0,0.0,num_warps=16 vec=8,,,,,,,,,
patterson,run_rmsnorm_gluon,20260930-155527_job20435,NVIDIA GB10,,2026-09-30T15:55:27,torch,bf16,16384,8192,2.6829,2.6789,2.688,200.1,73.3,,,,,,,,,,,
patterson,run_rmsnorm_helion,20260930-161734_job20435,NVIDIA GB10,,2026-09-30T16:17:34,helion,fp16,4096,2048,0.1628,0.1618,0.1639,206.1,75.5,69.25,autotune=quick,,,,,,,,,
patterson,run_rmsnorm_helion,20260930-161734_job20435,NVIDIA GB10,,2026-09-30T16:17:34,torch,fp16,4096,2048,0.1772,0.1761,0.1782,189.4,69.4,,,,,,,,,,,
patterson,run_rmsnorm_helion,20260930-161734_job20435,NVIDIA GB10,,2026-09-30T16:17:34,helion,fp16,4096,4096,0.3072,0.3062,0.3089,218.5,80.0,68.74,autotune=quick,,,,,,,,,
patterson,run_rmsnorm_helion,20260930-161734_job20435,NVIDIA GB10,,2026-09-30T16:17:34,torch,fp16,4096,4096,0.3328,0.3316,0.3338,201.7,73.9,,,,,,,,,,,
patterson,run_rmsnorm_helion,20260930-161734_job20435,NVIDIA GB10,,2026-09-30T16:17:34,helion,fp16,4096,8192,0.6154,0.6134,0.6175,218.1,79.9,67.63,autotune=quick,,,,,,,,,
patterson,run_rmsnorm_helion,20260930-161734_job20435,NVIDIA GB10,,2026-09-30T16:17:34,torch,fp16,4096,8192,0.6922,0.6901,0.6943,193.9,71.0,,,,,,,,,,,
patterson,run_rmsnorm_helion,20260930-161734_job20435,NVIDIA GB10,,2026-09-30T16:17:34,helion,fp16,16384,2048,0.5908,0.5889,0.5929,227.2,83.2,80.4,autotune=quick,,,,,,,,,
patterson,run_rmsnorm_helion,20260930-161734_job20435,NVIDIA GB10,,2026-09-30T16:17:34,torch,fp16,16384,2048,0.6319,0.6308,0.634,212.4,77.8,,,,,,,,,,,
patterson,run_rmsnorm_helion,20260930-161734_job20435,NVIDIA GB10,,2026-09-30T16:17:34,helion,fp16,16384,4096,1.1919,1.1878,1.1971,225.2,82.5,77.61,autotune=quick,,,,,,,,,
patterson,run_rmsnorm_helion,20260930-161734_job20435,NVIDIA GB10,,2026-09-30T16:17:34,torch,fp16,16384,4096,1.2483,1.2462,1.2513,215.0,78.8,,,,,,,,,,,
patterson,run_rmsnorm_helion,20260930-161734_job20435,NVIDIA GB10,,2026-09-30T16:17:34,helion,fp16,16384,8192,2.3316,2.3286,2.3389,230.3,84.4,65.47,autotune=quick,,,,,,,,,
patterson,run_rmsnorm_helion,20260930-161734_job20435,NVIDIA GB10,,2026-09-30T16:17:34,torch,fp16,16384,8192,2.6839,2.6788,2.6895,200.0,73.3,,,,,,,,,,,
patterson,run_rmsnorm_helion,20260930-161734_job20435,NVIDIA GB10,,2026-09-30T16:17:34,helion,bf16,4096,2048,0.1658,0.1648,0.1667,202.4,74.1,69.23,autotune=quick,,,,,,,,,
patterson,run_rmsnorm_helion,20260930-161734_job20435,NVIDIA GB10,,2026-09-30T16:17:34,torch,bf16,4096,2048,0.1782,0.1772,0.1792,188.3,69.0,,,,,,,,,,,
patterson,run_rmsnorm_helion,20260930-161734_job20435,NVIDIA GB10,,2026-09-30T16:17:34,helion,bf16,4096,4096,0.3103,0.3092,0.3113,216.3,79.2,69.37,autotune=quick,,,,,,,,,
patterson,run_rmsnorm_helion,20260930-161734_job20435,NVIDIA GB10,,2026-09-30T16:17:34,torch,bf16,4096,4096,0.3287,0.3277,0.3308,204.2,74.8,,,,,,,,,,,
patterson,run_rmsnorm_helion,20260930-161734_job20435,NVIDIA GB10,,2026-09-30T16:17:34,helion,bf16,4096,8192,0.6011,0.6,0.6022,223.3,81.8,73.29,autotune=quick,,,,,,,,,
patterson,run_rmsnorm_helion,20260930-161734_job20435,NVIDIA GB10,,2026-09-30T16:17:34,torch,bf16,4096,8192,0.6902,0.6881,0.6932,194.5,71.2,,,,,,,,,,,
patterson,run_rmsnorm_helion,20260930-161734_job20435,NVIDIA GB10,,2026-09-30T16:17:34,helion,bf16,16384,2048,0.6041,0.6021,0.6052,222.2,81.4,69.35,autotune=quick,,,,,,,,,
patterson,run_rmsnorm_helion,20260930-161734_job20435,NVIDIA GB10,,2026-09-30T16:17:34,torch,bf16,16384,2048,0.6226,0.6206,0.6246,215.6,79.0,,,,,,,,,,,
patterson,run_rmsnorm_helion,20260930-161734_job20435,NVIDIA GB10,,2026-09-30T16:17:34,helion,bf16,16384,4096,1.1551,1.153,1.1571,232.4,85.1,70.19,autotune=quick,,,,,,,,,
patterson,run_rmsnorm_helion,20260930-161734_job20435,NVIDIA GB10,,2026-09-30T16:17:34,torch,bf16,16384,4096,1.2402,1.238,1.2431,216.5,79.3,,,,,,,,,,,
patterson,run_rmsnorm_helion,20260930-161734_job20435,NVIDIA GB10,,2026-09-30T16:17:34,helion,bf16,16384,8192,2.3696,2.3675,2.3736,226.6,83.0,72.2,autotune=quick,,,,,,,,,
patterson,run_rmsnorm_helion,20260930-161734_job20435,NVIDIA GB10,,2026-09-30T16:17:34,torch,bf16,16384,8192,2.7135,2.7094,2.7187,197.9,72.5,,,,,,,,,,,
