maquina,experimento,ejecucion,gpu,driver_nvidia,fecha,dtype,M,N,K,BLOCK_SIZE_M,BLOCK_SIZE_N,BLOCK_SIZE_K,GROUP_SIZE_M,num_warps,num_stages,autotune_s,triton_ms,triton_ms_p20,triton_ms_p80,triton_tflops,triton_gbs,cublas_ms,cublas_ms_p20,cublas_ms_p80,cublas_tflops,cublas_gbs,triton_mma,cublas_kernel,variante,carga,error_rel,ms,ms_p20,ms_p80,tflops,gbs,mma,usa_tma
hennessy-580,run_matmul,20260930-141608_job20423,NVIDIA GB10,,2026-09-30T14:16:08,fp16,4096,4096,4096,128,128,32,8,4,4,7.8,1.3937,1.3906,1.5098,98.62,72.2,1.6835,1.6548,1.9538,81.64,59.8,mma.sync.aligned.m16n8k16.row.col.f32.f16.f16.f32,void cutlass::Kernel2<cutlass_80_tensorop_f16_s16816gemm_relu_f16_128x256_32x3_nn_align8>(cutlass_80_tensorop_f16_s16816gemm_relu_f16_128x256_32x3_nn_align8::Params),,,,,,,,,,
hennessy-580,run_matmul,20260930-141608_job20423,NVIDIA GB10,,2026-09-30T14:16:08,fp16,8192,8192,8192,128,256,64,8,8,3,14.0,11.9788,11.9118,12.4435,91.79,33.6,11.8856,11.8231,12.5542,92.51,33.9,mma.sync.aligned.m16n8k16.row.col.f32.f16.f16.f32,nvjet_sm121_hsh_mma_128x208x64_2_32x104x64_tmaAB_bz_NNNN,,,,,,,,,,
hennessy-580,run_matmul_fp8,20260930-141501_job20423,NVIDIA GB10,,2026-09-30T14:15:01,,4096,4096,4096,128,128,32,8,4,4,,,,,,,,,,,,,,fp16,cp.async,0.00021,1.4033,1.3978,1.5971,97.94,71.7,mma.sync.aligned.m16n8k16.row.col.f32.f16.f16.f32,
hennessy-580,run_matmul_fp8,20260930-141501_job20423,NVIDIA GB10,,2026-09-30T14:15:01,,4096,4096,4096,256,128,128,8,8,3,,,,,,,,,,,,,,fp8,cp.async,0.03752,0.9103,0.9073,0.9185,150.98,73.7,mma.sync.aligned.m16n8k32.row.col.f32.e4m3.e4m3.f32,
hennessy-580,run_matmul_fp8,20260930-141501_job20423,NVIDIA GB10,,2026-09-30T14:15:01,,4096,4096,4096,128,128,64,8,4,4,,,,,,,,,,,,,,fp8_tma,TMA,0.03752,0.9093,0.9073,0.9155,151.15,73.8,mma.sync.aligned.m16n8k32.row.col.f32.e4m3.e4m3.f32,
hennessy-580,run_matmul_fp8,20260930-141501_job20423,NVIDIA GB10,,2026-09-30T14:15:01,,4096,4096,4096,,,,,,,,,,,,,,,,,,,,fp8_cublas,cublasLt,0.03752,0.7854,0.7803,0.7967,175.0,85.4,cublasLt,
hennessy-580,run_matmul_fp8,20260930-141501_job20423,NVIDIA GB10,,2026-09-30T14:15:01,,8192,8192,8192,128,256,64,8,8,3,,,,,,,,,,,,,,fp16,cp.async,0.00021,11.8026,11.7821,12.3607,93.16,34.1,mma.sync.aligned.m16n8k16.row.col.f32.f16.f16.f32,
hennessy-580,run_matmul_fp8,20260930-141501_job20423,NVIDIA GB10,,2026-09-30T14:15:01,,8192,8192,8192,256,128,128,8,8,3,,,,,,,,,,,,,,fp8,cp.async,0.03755,7.6595,7.6275,7.9587,143.55,35.0,mma.sync.aligned.m16n8k32.row.col.f32.e4m3.e4m3.f32,
hennessy-580,run_matmul_fp8,20260930-141501_job20423,NVIDIA GB10,,2026-09-30T14:15:01,,8192,8192,8192,128,256,128,8,8,3,,,,,,,,,,,,,,fp8_tma,TMA,0.03755,7.2253,7.2083,7.6075,152.18,37.2,mma.sync.aligned.m16n8k32.row.col.f32.e4m3.e4m3.f32,
hennessy-580,run_matmul_fp8,20260930-141501_job20423,NVIDIA GB10,,2026-09-30T14:15:01,,8192,8192,8192,,,,,,,,,,,,,,,,,,,,fp8_cublas,cublasLt,0.03755,5.8716,5.8011,5.9836,187.26,45.7,cublasLt,
hennessy-580,run_matmul_tma,20260930-142322_job20423,NVIDIA GB10,,2026-09-30T14:23:22,fp16,4096,4096,4096,128,128,32,8,4,3,7.8,,,,,,,,,,,,,baseline,cp.async,,1.4633,1.449,1.5669,93.92,68.8,mma.sync.aligned.m16n8k16.row.col.f32.f16.f16.f32,False
hennessy-580,run_matmul_tma,20260930-142322_job20423,NVIDIA GB10,,2026-09-30T14:23:22,fp16,4096,4096,4096,128,128,32,8,4,3,15.7,,,,,,,,,,,,,blockptr,cp.async,,1.5167,1.5063,1.6018,90.62,66.4,mma.sync.aligned.m16n8k16.row.col.f32.f16.f16.f32,False
hennessy-580,run_matmul_tma,20260930-142322_job20423,NVIDIA GB10,,2026-09-30T14:23:22,fp16,4096,4096,4096,128,128,32,8,8,3,19.3,,,,,,,,,,,,,tma,TMA,,1.4828,1.4711,1.4981,92.69,67.9,mma.sync.aligned.m16n8k16.row.col.f32.f16.f16.f32,True
hennessy-580,run_matmul_tma,20260930-142322_job20423,NVIDIA GB10,,2026-09-30T14:23:22,fp16,8192,8192,8192,128,256,64,8,8,3,14.1,,,,,,,,,,,,,baseline,cp.async,,12.4058,12.1532,12.6472,88.63,32.5,mma.sync.aligned.m16n8k16.row.col.f32.f16.f16.f32,False
hennessy-580,run_matmul_tma,20260930-142322_job20423,NVIDIA GB10,,2026-09-30T14:23:22,fp16,8192,8192,8192,128,256,64,8,8,3,35.5,,,,,,,,,,,,,blockptr,cp.async,,12.0192,11.8917,12.4887,91.48,33.5,mma.sync.aligned.m16n8k16.row.col.f32.f16.f16.f32,False
hennessy-580,run_matmul_tma,20260930-142322_job20423,NVIDIA GB10,,2026-09-30T14:23:22,fp16,8192,8192,8192,128,128,32,8,4,4,65.3,,,,,,,,,,,,,tma,TMA,,11.7279,11.6951,12.3527,93.75,34.3,mma.sync.aligned.m16n8k16.row.col.f32.f16.f16.f32,True
