variante,instruccion,unidad,sass,warps_sm,ilp,mma_en_vuelo_sm,iters,ms,ms_p20,ms_p80,tflops,reloj_mhz,potencia_w,flop_ciclo_sm,ciclos_mma_warp,tflops_por_w
f16·f32acc,mma.m16n8k16.f32.f16.f16.f32,TFLOP/s,HMMA.16816.F32,1,1,1,174855,1.9913,1.9905,1.9915,17.26,2457.0,6.3,146.4,27.98,2.74
f16·f32acc,mma.m16n8k16.f32.f16.f16.f32,TFLOP/s,HMMA.16816.F32,1,2,2,146432,1.9946,1.9936,1.9947,28.87,2548,21.0,236.1,17.35,1.375
f16·f32acc,mma.m16n8k16.f32.f16.f16.f32,TFLOP/s,HMMA.16816.F32,1,4,4,74118,1.9998,1.9988,2.0141,29.15,2548,30.4,238.3,17.19,0.959
f16·f32acc,mma.m16n8k16.f32.f16.f16.f32,TFLOP/s,HMMA.16816.F32,1,8,8,37130,2.0071,1.9934,2.0088,29.1,2541,32.3,238.6,17.17,0.901
f16·f32acc,mma.m16n8k16.f32.f16.f16.f32,TFLOP/s,HMMA.16816.F32,4,1,4,173904,1.9957,1.9956,1.9966,68.53,2541,34.8,561.9,29.16,1.969
f16·f32acc,mma.m16n8k16.f32.f16.f16.f32,TFLOP/s,HMMA.16816.F32,4,2,8,144943,1.9945,1.9927,2.012,114.3,2541,34.8,937.1,17.48,3.284
f16·f32acc,mma.m16n8k16.f32.f16.f16.f32,TFLOP/s,HMMA.16816.F32,4,4,16,73400,1.9988,1.9978,1.9998,115.52,2522,43.8,954.3,17.17,2.637
f16·f32acc,mma.m16n8k16.f32.f16.f16.f32,TFLOP/s,HMMA.16816.F32,4,8,32,36764,1.9929,1.9921,2.0119,116.06,2522,57.5,958.7,17.09,2.018
f16·f32acc,mma.m16n8k16.f32.f16.f16.f32,TFLOP/s,HMMA.16816.F32,8,1,8,156822,2.0099,1.9915,2.011,122.72,2522,64.0,1013.7,32.32,1.917
f16·f32acc,mma.m16n8k16.f32.f16.f16.f32,TFLOP/s,HMMA.16816.F32,8,2,16,78528,2.013,1.9946,2.0142,122.72,2522,64.2,1013.7,32.32,1.912
f16·f32acc,mma.m16n8k16.f32.f16.f16.f32,TFLOP/s,HMMA.16816.F32,8,4,32,39214,2.0108,1.9925,2.012,122.69,2515,64.7,1016.3,32.24,1.896
f16·f32acc,mma.m16n8k16.f32.f16.f16.f32,TFLOP/s,HMMA.16816.F32,8,8,64,19681,2.0181,2.0009,2.0193,122.71,2509,66.6,1018.9,32.16,1.842
f16·f32acc,mma.m16n8k16.f32.f16.f16.f32,TFLOP/s,HMMA.16816.F32,16,1,16,78415,2.0181,2.0171,2.0192,122.23,2509,68.7,1014.9,64.57,1.779
f16·f32acc,mma.m16n8k16.f32.f16.f16.f32,TFLOP/s,HMMA.16816.F32,16,2,32,39182,2.0099,2.0089,2.0109,122.65,2515,67.9,1016.0,64.51,1.806
f16·f32acc,mma.m16n8k16.f32.f16.f16.f32,TFLOP/s,HMMA.16816.F32,16,4,64,19493,1.9998,1.9994,2.0028,122.65,2509,68.0,1018.4,64.35,1.804
f16·f32acc,mma.m16n8k16.f32.f16.f16.f32,TFLOP/s,HMMA.16816.F32,16,8,128,9802,2.011,2.01,2.012,122.66,2502,69.1,1021.3,64.16,1.775
f16·f32acc,mma.m16n8k16.f32.f16.f16.f32,TFLOP/s,HMMA.16816.F32,32,1,32,39121,2.0089,2.0079,2.0099,122.52,2502,69.5,1020.2,128.48,1.763
f16·f32acc,mma.m16n8k16.f32.f16.f16.f32,TFLOP/s,HMMA.16816.F32,32,2,64,19668,2.0181,2.0171,2.0183,122.63,2496,69.5,1023.6,128.06,1.764
f16·f32acc,mma.m16n8k16.f32.f16.f16.f32,TFLOP/s,HMMA.16816.F32,32,4,128,9792,2.0092,2.0089,2.01,122.65,2496,67.8,1023.7,128.04,1.809
f16·f32acc,mma.m16n8k16.f32.f16.f16.f32,TFLOP/s,HMMA.16816.F32,32,8,256,4917,2.0181,2.0172,2.0213,122.63,2502,68.6,1021.1,128.36,1.788
f16·f16acc,mma.m16n8k16.f16.f16.f16.f16,TFLOP/s,HMMA.16816.F16,1,1,1,173444,1.9905,1.9895,1.9906,17.13,2502,66.0,142.6,28.71,0.26
f16·f16acc,mma.m16n8k16.f16.f16.f16.f16,TFLOP/s,HMMA.16816.F16,1,2,2,145296,1.9939,1.9935,1.9946,28.65,2528,46.2,236.1,17.35,0.62
f16·f16acc,mma.m16n8k16.f16.f16.f16.f16,TFLOP/s,HMMA.16816.F16,1,4,4,73590,2.0006,1.9997,2.0007,28.93,2528,29.8,238.4,17.18,0.971
f16·f16acc,mma.m16n8k16.f16.f16.f16.f16,TFLOP/s,HMMA.16816.F16,1,8,8,36867,1.9939,1.9936,1.9946,29.08,2528,31.3,239.6,17.09,0.929
f16·f16acc,mma.m16n8k16.f16.f16.f16.f16,TFLOP/s,HMMA.16816.F16,4,1,4,173444,1.9905,1.9896,1.9915,68.53,2528,32.5,564.8,29.01,2.109
f16·f16acc,mma.m16n8k16.f16.f16.f16.f16,TFLOP/s,HMMA.16816.F16,4,2,8,145103,2.0138,2.013,2.0141,113.33,2528,40.4,934.0,17.54,2.805
f16·f16acc,mma.m16n8k16.f16.f16.f16.f16,TFLOP/s,HMMA.16816.F16,4,4,16,73479,2.0191,2.0182,2.0192,114.48,2509,52.8,950.6,17.24,2.168
f16·f16acc,mma.m16n8k16.f16.f16.f16.f16,TFLOP/s,HMMA.16816.F16,4,8,32,36817,2.0132,2.013,2.0146,115.06,2509,59.7,955.4,17.15,1.927
f16·f16acc,mma.m16n8k16.f16.f16.f16.f16,TFLOP/s,HMMA.16816.F16,8,1,8,157047,2.0116,2.011,2.0135,122.79,2509,59.7,1019.6,32.14,2.057
f16·f16acc,mma.m16n8k16.f16.f16.f16.f16,TFLOP/s,HMMA.16816.F16,8,2,16,78816,2.0192,2.0183,2.0202,122.79,2515,61.5,1017.1,32.22,1.997
f16·f16acc,mma.m16n8k16.f16.f16.f16.f16,TFLOP/s,HMMA.16816.F16,8,4,32,39261,2.0112,2.011,2.0121,122.81,2509,63.6,1019.7,32.13,1.931
f16·f16acc,mma.m16n8k16.f16.f16.f16.f16,TFLOP/s,HMMA.16816.F16,8,8,64,19500,1.9978,1.9977,1.9988,122.82,2509,63.6,1019.8,32.13,1.931
f16·f16acc,mma.m16n8k16.f16.f16.f16.f16,TFLOP/s,HMMA.16816.F16,16,1,16,78514,2.0183,2.0181,2.0192,122.37,2509,63.5,1016.1,64.5,1.927
f16·f16acc,mma.m16n8k16.f16.f16.f16.f16,TFLOP/s,HMMA.16816.F16,16,2,32,38893,1.9927,1.9925,1.9936,122.79,2509,64.5,1019.6,64.27,1.904
f16·f16acc,mma.m16n8k16.f16.f16.f16.f16,TFLOP/s,HMMA.16816.F16,16,4,64,19505,1.9995,1.9987,2.0002,122.75,2509,63.9,1019.2,64.3,1.921
f16·f16acc,mma.m16n8k16.f16.f16.f16.f16,TFLOP/s,HMMA.16816.F16,16,8,128,9803,2.0092,2.0089,2.01,122.78,2502,64.0,1022.3,64.1,1.918
f16·f16acc,mma.m16n8k16.f16.f16.f16.f16,TFLOP/s,HMMA.16816.F16,32,1,32,39214,2.0116,2.0112,2.0124,122.65,2509,65.1,1018.4,128.71,1.884
f16·f16acc,mma.m16n8k16.f16.f16.f16.f16,TFLOP/s,HMMA.16816.F16,32,2,64,19578,2.0071,2.0062,2.0072,122.74,2509,64.9,1019.2,128.61,1.891
f16·f16acc,mma.m16n8k16.f16.f16.f16.f16,TFLOP/s,HMMA.16816.F16,32,4,128,9710,1.9908,1.9898,1.9919,122.74,2502,64.5,1022.0,128.24,1.903
f16·f16acc,mma.m16n8k16.f16.f16.f16.f16,TFLOP/s,HMMA.16816.F16,32,8,256,4875,1.999,1.9989,2.0,122.74,2502,64.8,1022.0,128.24,1.894
bf16·f32acc,mma.m16n8k16.f32.bf16.bf16.f32,TFLOP/s,HMMA.16816.F32.BF16,1,1,1,173444,1.9907,1.9898,1.9908,17.13,2502,64.5,142.6,28.72,0.266
bf16·f32acc,mma.m16n8k16.f32.bf16.bf16.f32,TFLOP/s,HMMA.16816.F32.BF16,1,2,2,145280,1.9946,1.9939,1.9949,28.64,2528,47.5,236.0,17.35,0.603
bf16·f32acc,mma.m16n8k16.f32.bf16.bf16.f32,TFLOP/s,HMMA.16816.F32.BF16,1,4,4,73561,1.9998,1.999,2.0001,28.93,2528.0,30.4,238.4,17.18,0.952
bf16·f32acc,mma.m16n8k16.f32.bf16.bf16.f32,TFLOP/s,HMMA.16816.F32.BF16,1,8,8,36871,1.9942,1.9939,1.9949,29.08,2528,31.7,239.6,17.09,0.917
bf16·f32acc,mma.m16n8k16.f32.bf16.bf16.f32,TFLOP/s,HMMA.16816.F32.BF16,4,1,4,173467,2.0112,1.9908,2.0123,67.83,2528,31.9,559.0,29.31,2.126
bf16·f32acc,mma.m16n8k16.f32.bf16.bf16.f32,TFLOP/s,HMMA.16816.F32.BF16,4,2,8,145039,2.0133,2.0125,2.0144,113.31,2515,38.8,938.6,17.46,2.92
bf16·f32acc,mma.m16n8k16.f32.bf16.bf16.f32,TFLOP/s,HMMA.16816.F32.BF16,4,4,16,72753,1.9999,1.999,2.0001,114.44,2502,50.5,952.9,17.19,2.266
bf16·f32acc,mma.m16n8k16.f32.bf16.bf16.f32,TFLOP/s,HMMA.16816.F32.BF16,4,8,32,36776,2.0122,2.0113,2.0124,114.99,2502,61.3,957.5,17.11,1.876
bf16·f32acc,mma.m16n8k16.f32.bf16.bf16.f32,TFLOP/s,HMMA.16816.F32.BF16,8,1,8,155335,1.9907,1.9898,1.9909,122.73,2502,61.5,1021.9,32.06,1.996
bf16·f32acc,mma.m16n8k16.f32.bf16.bf16.f32,TFLOP/s,HMMA.16816.F32.BF16,8,2,16,78000,1.9987,1.9978,2.0001,122.76,2502,62.5,1022.2,32.06,1.964
bf16·f32acc,mma.m16n8k16.f32.bf16.bf16.f32,TFLOP/s,HMMA.16816.F32.BF16,8,4,32,39214,2.0099,2.0089,2.01,122.75,2502,63.0,1022.1,32.06,1.948
bf16·f32acc,mma.m16n8k16.f32.bf16.bf16.f32,TFLOP/s,HMMA.16816.F32.BF16,8,8,64,19501,1.9987,1.9977,1.9997,122.77,2509,66.9,1019.4,32.14,1.835
bf16·f32acc,mma.m16n8k16.f32.bf16.bf16.f32,TFLOP/s,HMMA.16816.F32.BF16,16,1,16,77713,1.9987,1.9977,1.9998,122.31,2509,65.4,1015.6,64.53,1.87
bf16·f32acc,mma.m16n8k16.f32.bf16.bf16.f32,TFLOP/s,HMMA.16816.F32.BF16,16,2,32,39214,2.0099,2.0089,2.0109,122.75,2509.0,66.0,1019.2,64.3,1.86
bf16·f32acc,mma.m16n8k16.f32.bf16.bf16.f32,TFLOP/s,HMMA.16816.F32.BF16,16,4,64,19501,1.9988,1.9987,1.9998,122.76,2502,65.1,1022.2,64.11,1.886
bf16·f32acc,mma.m16n8k16.f32.bf16.bf16.f32,TFLOP/s,HMMA.16816.F32.BF16,16,8,128,9710,1.9907,1.9905,1.9916,122.75,2502,65.1,1022.1,64.12,1.886
bf16·f32acc,mma.m16n8k16.f32.bf16.bf16.f32,TFLOP/s,HMMA.16816.F32.BF16,32,1,32,38806,1.9915,1.9908,1.9929,122.6,2496,66.3,1023.3,128.09,1.849
bf16·f32acc,mma.m16n8k16.f32.bf16.bf16.f32,TFLOP/s,HMMA.16816.F32.BF16,32,2,64,19505,2.0,1.999,2.001,122.72,2502,66.3,1021.8,128.27,1.851
bf16·f32acc,mma.m16n8k16.f32.bf16.bf16.f32,TFLOP/s,HMMA.16816.F32.BF16,32,4,128,9708,1.9907,1.9898,1.9917,122.72,2496,66.6,1024.3,127.96,1.843
bf16·f32acc,mma.m16n8k16.f32.bf16.bf16.f32,TFLOP/s,HMMA.16816.F32.BF16,32,8,256,4873,1.9989,1.998,1.9993,122.7,2502,67.5,1021.7,128.29,1.818
tf32·f32acc,mma.m16n8k8.f32.tf32.tf32.f32,TFLOP/s,HMMA.1688.F32.TF32,1,1,1,173513,1.9908,1.9908,1.9919,8.57,2502,68.7,71.4,28.71,0.125
tf32·f32acc,mma.m16n8k8.f32.tf32.tf32.f32,TFLOP/s,HMMA.1688.F32.TF32,1,2,2,145296,1.9948,1.9939,1.9949,14.32,2528,52.4,118.0,17.35,0.273
tf32·f32acc,mma.m16n8k8.f32.tf32.tf32.f32,TFLOP/s,HMMA.1688.F32.TF32,1,4,4,73569,2.0201,2.0195,2.0205,14.32,2528,35.4,118.0,17.35,0.405
tf32·f32acc,mma.m16n8k8.f32.tf32.tf32.f32,TFLOP/s,HMMA.1688.F32.TF32,1,8,8,36867,1.9946,1.9936,1.9978,14.54,2509,32.0,120.7,16.97,0.454
tf32·f32acc,mma.m16n8k8.f32.tf32.tf32.f32,TFLOP/s,HMMA.1688.F32.TF32,4,1,4,173467,2.0111,2.0109,2.012,33.92,2528,32.0,279.5,29.31,1.06
tf32·f32acc,mma.m16n8k8.f32.tf32.tf32.f32,TFLOP/s,HMMA.1688.F32.TF32,4,2,8,143656,1.9935,1.9925,1.9937,56.67,2502,38.0,471.9,17.36,1.491
tf32·f32acc,mma.m16n8k8.f32.tf32.tf32.f32,TFLOP/s,HMMA.1688.F32.TF32,4,4,16,72769,1.9997,1.9988,2.0002,57.24,2502,49.0,476.6,17.19,1.168
tf32·f32acc,mma.m16n8k8.f32.tf32.tf32.f32,TFLOP/s,HMMA.1688.F32.TF32,4,8,32,36445,1.9926,1.9925,1.9936,57.54,2502,57.3,479.1,17.1,1.004
tf32·f32acc,mma.m16n8k8.f32.tf32.tf32.f32,TFLOP/s,HMMA.1688.F32.TF32,8,1,8,155612,1.9934,1.9925,1.9937,61.39,2502,58.6,511.2,32.05,1.048
tf32·f32acc,mma.m16n8k8.f32.tf32.tf32.f32,TFLOP/s,HMMA.1688.F32.TF32,8,2,16,78051,1.9988,1.9987,1.9997,61.42,2502,59.4,511.4,32.04,1.034
tf32·f32acc,mma.m16n8k8.f32.tf32.tf32.f32,TFLOP/s,HMMA.1688.F32.TF32,8,4,32,38930,1.9946,1.9936,1.9954,61.4,2502,60.3,511.3,32.05,1.018
tf32·f32acc,mma.m16n8k8.f32.tf32.tf32.f32,TFLOP/s,HMMA.1688.F32.TF32,8,8,64,19505,1.9987,1.9977,2.0016,61.4,2502,60.5,511.3,32.05,1.015
tf32·f32acc,mma.m16n8k8.f32.tf32.tf32.f32,TFLOP/s,HMMA.1688.F32.TF32,16,1,16,77792,1.9998,1.9988,2.0008,61.18,2502,60.3,509.4,64.32,1.015
tf32·f32acc,mma.m16n8k8.f32.tf32.tf32.f32,TFLOP/s,HMMA.1688.F32.TF32,16,2,32,38838,1.9904,1.9894,1.9906,61.38,2502,60.4,511.1,64.11,1.016
tf32·f32acc,mma.m16n8k8.f32.tf32.tf32.f32,TFLOP/s,HMMA.1688.F32.TF32,16,4,64,19511,1.9996,1.9987,2.0009,61.39,2502,63.4,511.2,64.1,0.968
tf32·f32acc,mma.m16n8k8.f32.tf32.tf32.f32,TFLOP/s,HMMA.1688.F32.TF32,16,8,128,9719,1.9916,1.9913,1.9926,61.41,2502,65.2,511.3,64.09,0.942
tf32·f32acc,mma.m16n8k8.f32.tf32.tf32.f32,TFLOP/s,HMMA.1688.F32.TF32,32,1,32,38833,1.9915,1.9906,2.0009,61.34,2502,63.9,510.8,128.31,0.96
tf32·f32acc,mma.m16n8k8.f32.tf32.tf32.f32,TFLOP/s,HMMA.1688.F32.TF32,32,2,64,19508,1.9988,1.9987,1.9998,61.4,2502,63.9,511.3,128.18,0.961
tf32·f32acc,mma.m16n8k8.f32.tf32.tf32.f32,TFLOP/s,HMMA.1688.F32.TF32,32,4,128,9710,1.9904,1.9895,1.9906,61.38,2502,64.6,511.1,128.22,0.95
tf32·f32acc,mma.m16n8k8.f32.tf32.tf32.f32,TFLOP/s,HMMA.1688.F32.TF32,32,8,256,4877,1.9988,1.9986,1.9998,61.4,2502,66.2,511.3,128.18,0.927
e4m3·f32acc,mma.m16n8k32.f32.e4m3.e4m3.f32,TFLOP/s,QMMA.16832.F32.E4M3.E4M3,1,1,1,172033,1.9945,1.9935,1.9946,33.92,2496,66.4,283.1,28.94,0.511
e4m3·f32acc,mma.m16n8k32.f32.e4m3.e4m3.f32,TFLOP/s,QMMA.16832.F32.E4M3.E4M3,1,2,2,143813,1.9946,1.9935,1.9947,56.7,2502,53.1,472.1,17.35,1.068
e4m3·f32acc,mma.m16n8k32.f32.e4m3.e4m3.f32,TFLOP/s,QMMA.16832.F32.E4M3.E4M3,1,4,4,72813,1.9995,1.9987,1.9997,57.28,2502,39.2,477.0,17.18,1.461
e4m3·f32acc,mma.m16n8k32.f32.e4m3.e4m3.f32,TFLOP/s,QMMA.16832.F32.E4M3.E4M3,1,8,8,36871,2.015,2.0141,2.0151,57.56,2515,33.4,476.8,17.18,1.723
e4m3·f32acc,mma.m16n8k32.f32.e4m3.e4m3.f32,TFLOP/s,QMMA.16832.F32.E4M3.E4M3,4,1,4,171627,1.9907,1.9898,1.9908,135.6,2515,34.5,1123.3,29.17,3.93
e4m3·f32acc,mma.m16n8k32.f32.e4m3.e4m3.f32,TFLOP/s,QMMA.16832.F32.E4M3.E4M3,4,2,8,143420,2.0103,2.0091,2.0165,224.42,2509,40.6,1863.5,17.58,5.528
e4m3·f32acc,mma.m16n8k32.f32.e4m3.e4m3.f32,TFLOP/s,QMMA.16832.F32.E4M3.E4M3,4,4,16,72359,1.9978,1.991,2.0082,227.87,2483,54.5,1911.9,17.14,4.181
e4m3·f32acc,mma.m16n8k32.f32.e4m3.e4m3.f32,TFLOP/s,QMMA.16832.F32.E4M3.E4M3,4,8,32,36372,2.0072,1.993,2.0091,228.01,2489,64.5,1908.5,17.17,3.535
e4m3·f32acc,mma.m16n8k32.f32.e4m3.e4m3.f32,TFLOP/s,QMMA.16832.F32.E4M3.E4M3,8,1,8,155078,2.0061,1.9908,2.0072,243.17,2489,69.0,2035.4,32.2,3.524
e4m3·f32acc,mma.m16n8k32.f32.e4m3.e4m3.f32,TFLOP/s,QMMA.16832.F32.E4M3.E4M3,8,2,16,77907,2.0164,2.0154,2.0185,243.08,2489,69.3,2034.6,32.21,3.508
e4m3·f32acc,mma.m16n8k32.f32.e4m3.e4m3.f32,TFLOP/s,QMMA.16832.F32.E4M3.E4M3,8,4,32,38787,2.0069,2.0058,2.0083,243.19,2483,70.1,2040.5,32.12,3.469
e4m3·f32acc,mma.m16n8k32.f32.e4m3.e4m3.f32,TFLOP/s,QMMA.16832.F32.E4M3.E4M3,8,8,64,19471,2.0141,1.9987,2.0161,243.29,2483,72.2,2041.3,32.11,3.37
e4m3·f32acc,mma.m16n8k32.f32.e4m3.e4m3.f32,TFLOP/s,QMMA.16832.F32.E4M3.E4M3,16,1,16,77019,2.0007,1.9996,2.0021,242.2,2489,72.0,2027.3,64.66,3.364
e4m3·f32acc,mma.m16n8k32.f32.e4m3.e4m3.f32,TFLOP/s,QMMA.16832.F32.E4M3.E4M3,16,2,32,38783,2.0078,2.0068,2.009,243.06,2476,71.0,2045.1,64.09,3.423
e4m3·f32acc,mma.m16n8k32.f32.e4m3.e4m3.f32,TFLOP/s,QMMA.16832.F32.E4M3.E4M3,16,4,64,19311,1.999,1.9977,2.0008,243.11,2476,69.6,2045.6,64.08,3.493
e4m3·f32acc,mma.m16n8k32.f32.e4m3.e4m3.f32,TFLOP/s,QMMA.16832.F32.E4M3.E4M3,16,8,128,9699,2.008,2.007,2.0098,243.11,2483,70.6,2039.8,64.26,3.443
e4m3·f32acc,mma.m16n8k32.f32.e4m3.e4m3.f32,TFLOP/s,QMMA.16832.F32.E4M3.E4M3,32,1,32,38742,2.0078,2.0068,2.0092,242.79,2483,71.1,2037.1,128.68,3.415
e4m3·f32acc,mma.m16n8k32.f32.e4m3.e4m3.f32,TFLOP/s,QMMA.16832.F32.E4M3.E4M3,32,2,64,19312,1.9997,1.9983,2.0028,243.04,2483,71.8,2039.2,128.55,3.385
e4m3·f32acc,mma.m16n8k32.f32.e4m3.e4m3.f32,TFLOP/s,QMMA.16832.F32.E4M3.E4M3,32,4,128,9687,2.0059,2.0049,2.0087,243.06,2483,71.8,2039.4,128.54,3.385
e4m3·f32acc,mma.m16n8k32.f32.e4m3.e4m3.f32,TFLOP/s,QMMA.16832.F32.E4M3.E4M3,32,8,256,4866,2.0171,2.0152,2.0191,242.84,2483,75.2,2037.5,128.66,3.229
e4m3·f16acc,mma.m16n8k32.f16.e4m3.e4m3.f16,TFLOP/s,QMMA.16832.F16.E4M3.E4M3,1,1,1,172033,1.9946,1.9936,1.9947,33.92,2483,76.8,284.6,28.79,0.442
e4m3·f16acc,mma.m16n8k32.f16.e4m3.e4m3.f16,TFLOP/s,QMMA.16832.F16.E4M3.E4M3,1,2,2,143813,1.9945,1.9936,1.9947,56.7,2496,65.1,473.3,17.31,0.871
e4m3·f16acc,mma.m16n8k32.f16.e4m3.e4m3.f16,TFLOP/s,QMMA.16832.F16.E4M3.E4M3,1,4,4,72817,1.9997,1.9988,1.9998,57.27,2502,43.7,476.9,17.18,1.311
e4m3·f16acc,mma.m16n8k32.f16.e4m3.e4m3.f16,TFLOP/s,QMMA.16832.F16.E4M3.E4M3,1,8,8,36485,1.9936,1.9927,1.9946,57.57,2502,32.8,479.4,17.09,1.755
e4m3·f16acc,mma.m16n8k32.f16.e4m3.e4m3.f16,TFLOP/s,QMMA.16832.F16.E4M3.E4M3,4,1,4,171605,1.9907,1.9897,1.9908,135.58,2502,33.8,1128.9,29.02,4.011
e4m3·f16acc,mma.m16n8k32.f16.e4m3.e4m3.f16,TFLOP/s,QMMA.16832.F16.E4M3.E4M3,4,2,8,143499,2.0081,1.9929,2.0093,224.79,2502,38.1,1871.8,17.51,5.9
e4m3·f16acc,mma.m16n8k32.f16.e4m3.e4m3.f16,TFLOP/s,QMMA.16832.F16.E4M3.E4M3,4,4,16,72736,2.0154,2.0131,2.0168,227.06,2496,49.4,1895.2,17.29,4.596
e4m3·f16acc,mma.m16n8k32.f16.e4m3.e4m3.f16,TFLOP/s,QMMA.16832.F16.E4M3.E4M3,4,8,32,36441,2.0093,2.009,2.0103,228.21,2489,59.4,1910.2,17.15,3.842
e4m3·f16acc,mma.m16n8k32.f16.e4m3.e4m3.f16,TFLOP/s,QMMA.16832.F16.E4M3.E4M3,8,1,8,155353,2.0071,2.0062,2.0082,243.48,2489,64.7,2038.0,32.16,3.763
e4m3·f16acc,mma.m16n8k32.f16.e4m3.e4m3.f16,TFLOP/s,QMMA.16832.F16.E4M3.E4M3,8,2,16,78019,2.0161,2.0151,2.0172,243.46,2489,64.6,2037.8,32.16,3.769
e4m3·f16acc,mma.m16n8k32.f16.e4m3.e4m3.f16,TFLOP/s,QMMA.16832.F16.E4M3.E4M3,8,4,32,38879,2.0109,2.0099,2.012,243.27,2489,65.5,2036.2,32.18,3.714
e4m3·f16acc,mma.m16n8k32.f16.e4m3.e4m3.f16,TFLOP/s,QMMA.16832.F16.E4M3.E4M3,8,8,64,19343,1.9996,1.9987,2.0007,243.44,2489,67.5,2037.6,32.16,3.607
e4m3·f16acc,mma.m16n8k32.f16.e4m3.e4m3.f16,TFLOP/s,QMMA.16832.F16.E4M3.E4M3,16,1,16,77228,2.0028,2.0019,2.0049,242.6,2483,68.7,2035.5,64.39,3.531
e4m3·f16acc,mma.m16n8k32.f16.e4m3.e4m3.f16,TFLOP/s,QMMA.16832.F16.E4M3.E4M3,16,2,32,38833,2.0071,2.0068,2.0089,243.46,2483,68.0,2042.7,64.17,3.58
e4m3·f16acc,mma.m16n8k32.f16.e4m3.e4m3.f16,TFLOP/s,QMMA.16832.F16.E4M3.E4M3,16,4,64,19336,1.9987,1.9986,1.9997,243.46,2483,67.2,2042.7,64.16,3.623
e4m3·f16acc,mma.m16n8k32.f16.e4m3.e4m3.f16,TFLOP/s,QMMA.16832.F16.E4M3.E4M3,16,8,128,9708,2.0078,2.0068,2.0086,243.36,2476,67.6,2047.7,64.01,3.6
e4m3·f16acc,mma.m16n8k32.f16.e4m3.e4m3.f16,TFLOP/s,QMMA.16832.F16.E4M3.E4M3,32,1,32,38783,2.0071,2.0062,2.0087,243.13,2483,67.1,2040.0,128.5,3.623
e4m3·f16acc,mma.m16n8k32.f16.e4m3.e4m3.f16,TFLOP/s,QMMA.16832.F16.E4M3.E4M3,32,2,64,19338,1.9992,1.999,2.0001,243.43,2483,66.5,2042.5,128.35,3.661
e4m3·f16acc,mma.m16n8k32.f16.e4m3.e4m3.f16,TFLOP/s,QMMA.16832.F16.E4M3.E4M3,32,4,128,9708,2.0073,2.0071,2.0093,243.43,2483,67.1,2042.5,128.35,3.628
e4m3·f16acc,mma.m16n8k32.f16.e4m3.e4m3.f16,TFLOP/s,QMMA.16832.F16.E4M3.E4M3,32,8,256,4831,1.998,1.9972,1.9991,243.4,2483,71.8,2042.2,128.36,3.39
s8·s32acc,mma.m16n8k32.s32.s8.s8.s32,TOP/s,IMMA.16832.S8.S8,1,1,1,184426,1.9905,1.9897,1.9915,36.43,2483,62.1,305.7,26.8,0.587
s8·s32acc,mma.m16n8k32.s32.s8.s8.s32,TOP/s,IMMA.16832.S8.S8,1,2,2,144288,1.9935,1.9927,1.9945,56.92,2502,41.5,474.0,17.28,1.372
s8·s32acc,mma.m16n8k32.s32.s8.s8.s32,TOP/s,IMMA.16832.S8.S8,1,4,4,72975,1.9999,1.9997,2.0007,57.39,2502,31.6,477.9,17.14,1.816
s8·s32acc,mma.m16n8k32.s32.s8.s8.s32,TOP/s,IMMA.16832.S8.S8,1,8,8,36555,1.9957,1.9948,1.9965,57.62,2502,31.6,479.8,17.07,1.823
s8·s32acc,mma.m16n8k32.s32.s8.s8.s32,TOP/s,IMMA.16832.S8.S8,4,1,4,184426,1.9907,1.9906,1.9916,145.71,2502,32.9,1213.3,27.01,4.429
s8·s32acc,mma.m16n8k32.s32.s8.s8.s32,TOP/s,IMMA.16832.S8.S8,4,2,8,144146,2.008,1.9926,2.009,225.82,2502,35.2,1880.3,17.43,6.415
s8·s32acc,mma.m16n8k32.s32.s8.s8.s32,TOP/s,IMMA.16832.S8.S8,4,4,16,72902,2.0141,1.9997,2.0151,227.72,2502,43.4,1896.1,17.28,5.247
s8·s32acc,mma.m16n8k32.s32.s8.s8.s32,TOP/s,IMMA.16832.S8.S8,4,8,32,36489,1.9936,1.9925,2.0088,230.31,2496,54.7,1922.3,17.05,4.21
s8·s32acc,mma.m16n8k32.s32.s8.s8.s32,TOP/s,IMMA.16832.S8.S8,8,1,8,155556,2.007,2.0068,2.0079,243.82,2502,59.5,2030.2,32.28,4.098
s8·s32acc,mma.m16n8k32.s32.s8.s8.s32,TOP/s,IMMA.16832.S8.S8,8,2,16,78046,2.0131,1.9985,2.0142,243.92,2502,60.9,2031.0,32.27,4.005
s8·s32acc,mma.m16n8k32.s32.s8.s8.s32,TOP/s,IMMA.16832.S8.S8,8,4,32,38930,2.0089,1.9945,2.0099,243.84,2496,60.6,2035.3,32.2,4.024
s8·s32acc,mma.m16n8k32.s32.s8.s8.s32,TOP/s,IMMA.16832.S8.S8,8,8,64,19521,2.015,2.0091,2.0161,243.8,2489,62.2,2040.6,32.11,3.92
s8·s32acc,mma.m16n8k32.s32.s8.s8.s32,TOP/s,IMMA.16832.S8.S8,16,1,16,77847,2.0151,1.9998,2.0161,243.05,2489,63.4,2034.4,64.43,3.834
s8·s32acc,mma.m16n8k32.s32.s8.s8.s32,TOP/s,IMMA.16832.S8.S8,16,2,32,38884,2.0069,1.9925,2.0079,243.8,2496,62.3,2034.9,64.41,3.913
s8·s32acc,mma.m16n8k32.s32.s8.s8.s32,TOP/s,IMMA.16832.S8.S8,16,4,64,19512,2.0142,2.014,2.0151,243.79,2496,61.8,2034.8,64.41,3.945
s8·s32acc,mma.m16n8k32.s32.s8.s8.s32,TOP/s,IMMA.16832.S8.S8,16,8,128,9732,2.009,2.008,2.0101,243.82,2489,63.5,2040.8,64.23,3.84
s8·s32acc,mma.m16n8k32.s32.s8.s8.s32,TOP/s,IMMA.16832.S8.S8,32,1,32,38879,2.0089,2.0079,2.0099,243.52,2496,64.5,2032.6,128.97,3.776
s8·s32acc,mma.m16n8k32.s32.s8.s8.s32,TOP/s,IMMA.16832.S8.S8,32,2,64,19511,2.0142,2.014,2.0151,243.78,2483,63.6,2045.4,128.17,3.833
s8·s32acc,mma.m16n8k32.s32.s8.s8.s32,TOP/s,IMMA.16832.S8.S8,32,4,128,9723,2.0079,2.007,2.0089,243.73,2483,62.5,2045.0,128.19,3.9
s8·s32acc,mma.m16n8k32.s32.s8.s8.s32,TOP/s,IMMA.16832.S8.S8,32,8,256,4839,1.9987,1.9977,1.9987,243.72,2483,62.7,2044.9,128.2,3.887
e2m1·f32acc,mma.kind::f8f6f4.m16n8k32.f32.e2m1.e2m1.f32,TFLOP/s,QMMA.16832.F32.E2M1.E2M1,1,1,1,172033,1.9948,1.9939,1.9949,33.91,2476,60.3,285.3,28.71,0.562
e2m1·f32acc,mma.kind::f8f6f4.m16n8k32.f32.e2m1.e2m1.f32,TFLOP/s,QMMA.16832.F32.E2M1.E2M1,1,2,2,143877,1.9955,1.9946,1.9956,56.7,2502,44.2,472.1,17.35,1.283
e2m1·f32acc,mma.kind::f8f6f4.m16n8k32.f32.e2m1.e2m1.f32,TFLOP/s,QMMA.16832.F32.E2M1.E2M1,1,4,4,72838,2.0007,1.9997,2.0007,57.26,2502,30.7,476.8,17.18,1.865
e2m1·f32acc,mma.kind::f8f6f4.m16n8k32.f32.e2m1.e2m1.f32,TFLOP/s,QMMA.16832.F32.E2M1.E2M1,1,8,8,36489,1.9937,1.9935,1.9946,57.57,2502,31.8,479.4,17.09,1.81
e2m1·f32acc,mma.kind::f8f6f4.m16n8k32.f32.e2m1.e2m1.f32,TFLOP/s,QMMA.16832.F32.E2M1.E2M1,4,1,4,171582,1.9894,1.9886,1.9905,135.65,2502,32.7,1129.5,29.01,4.148
e2m1·f32acc,mma.kind::f8f6f4.m16n8k32.f32.e2m1.e2m1.f32,TFLOP/s,QMMA.16832.F32.E2M1.E2M1,4,2,8,143798,2.0032,1.9946,2.0109,225.81,2502,39.2,1880.2,17.43,5.76
e2m1·f32acc,mma.kind::f8f6f4.m16n8k32.f32.e2m1.e2m1.f32,TFLOP/s,QMMA.16832.F32.E2M1.E2M1,4,4,16,72813,2.015,2.0007,2.0161,227.34,2496,49.6,1897.5,17.27,4.583
e2m1·f32acc,mma.kind::f8f6f4.m16n8k32.f32.e2m1.e2m1.f32,TFLOP/s,QMMA.16832.F32.E2M1.E2M1,4,8,32,36469,1.994,1.9935,2.0089,230.13,2496,55.3,1920.8,17.06,4.161
e2m1·f32acc,mma.kind::f8f6f4.m16n8k32.f32.e2m1.e2m1.f32,TFLOP/s,QMMA.16832.F32.E2M1.E2M1,8,1,8,155704,2.0008,1.9926,2.0089,244.8,2496,55.4,2043.3,32.07,4.419
e2m1·f32acc,mma.kind::f8f6f4.m16n8k32.f32.e2m1.e2m1.f32,TFLOP/s,QMMA.16832.F32.E2M1.E2M1,8,2,16,78107,2.0141,1.9996,2.0151,243.99,2496,56.1,2036.5,32.18,4.349
e2m1·f32acc,mma.kind::f8f6f4.m16n8k32.f32.e2m1.e2m1.f32,TFLOP/s,QMMA.16832.F32.E2M1.E2M1,8,4,32,38930,2.0079,1.9935,2.0089,243.97,2496,56.1,2036.3,32.18,4.349
e2m1·f32acc,mma.kind::f8f6f4.m16n8k32.f32.e2m1.e2m1.f32,TFLOP/s,QMMA.16832.F32.E2M1.E2M1,8,8,64,19514,1.9987,1.9977,2.013,245.7,2496,58.5,2050.8,31.96,4.2
e2m1·f32acc,mma.kind::f8f6f4.m16n8k32.f32.e2m1.e2m1.f32,TFLOP/s,QMMA.16832.F32.E2M1.E2M1,16,1,16,77815,2.014,1.9992,2.0151,243.08,2496,59.2,2028.9,64.6,4.106
e2m1·f32acc,mma.kind::f8f6f4.m16n8k32.f32.e2m1.e2m1.f32,TFLOP/s,QMMA.16832.F32.E2M1.E2M1,16,2,32,38926,2.0079,1.9935,2.0089,243.93,2496,59.0,2036.0,64.37,4.134
e2m1·f32acc,mma.kind::f8f6f4.m16n8k32.f32.e2m1.e2m1.f32,TFLOP/s,QMMA.16832.F32.E2M1.E2M1,16,4,64,19525,2.0144,2.0,2.0154,243.93,2496,57.5,2036.0,64.38,4.242
e2m1·f32acc,mma.kind::f8f6f4.m16n8k32.f32.e2m1.e2m1.f32,TFLOP/s,QMMA.16832.F32.E2M1.E2M1,16,8,128,9732,2.0083,1.9939,2.0093,243.91,2496,58.8,2035.8,64.38,4.148
e2m1·f32acc,mma.kind::f8f6f4.m16n8k32.f32.e2m1.e2m1.f32,TFLOP/s,QMMA.16832.F32.E2M1.E2M1,32,1,32,38893,2.0092,2.0079,2.0093,243.57,2496,59.0,2033.0,128.94,4.128
e2m1·f32acc,mma.kind::f8f6f4.m16n8k32.f32.e2m1.e2m1.f32,TFLOP/s,QMMA.16832.F32.E2M1.E2M1,32,2,64,19524,2.0145,2.0,2.0154,243.9,2489,58.8,2041.5,128.41,4.148
e2m1·f32acc,mma.kind::f8f6f4.m16n8k32.f32.e2m1.e2m1.f32,TFLOP/s,QMMA.16832.F32.E2M1.E2M1,32,4,128,9732,2.0084,1.9958,2.0093,243.9,2489,58.8,2041.5,128.41,4.148
e2m1·f32acc,mma.kind::f8f6f4.m16n8k32.f32.e2m1.e2m1.f32,TFLOP/s,QMMA.16832.F32.E2M1.E2M1,32,8,256,4867,2.0093,2.0092,2.0103,243.83,2489,58.7,2040.9,128.45,4.154
mxf8 e4m3,mma.kind::mxf8f6f4.block_scale.1X.m16n8k32.e4m3.ue8m0,TFLOP/s,QMMA.SF.16832.F32.E4M3.E4M3.E8,1,1,1,172033,1.9948,1.9939,1.9949,33.91,2483,57.9,284.5,28.79,0.586
mxf8 e4m3,mma.kind::mxf8f6f4.block_scale.1X.m16n8k32.e4m3.ue8m0,TFLOP/s,QMMA.SF.16832.F32.E4M3.E4M3.E8,1,2,2,143877,1.9956,1.9948,1.9959,56.7,2502,45.3,472.1,17.35,1.252
mxf8 e4m3,mma.kind::mxf8f6f4.block_scale.1X.m16n8k32.e4m3.ue8m0,TFLOP/s,QMMA.SF.16832.F32.E4M3.E4M3.E8,1,4,4,72809,1.9988,1.9987,1.9997,57.29,2502,34.2,477.0,17.17,1.675
mxf8 e4m3,mma.kind::mxf8f6f4.block_scale.1X.m16n8k32.e4m3.ue8m0,TFLOP/s,QMMA.SF.16832.F32.E4M3.E4M3.E8,1,8,8,36477,1.9934,1.9925,1.9936,57.56,2502,35.2,479.3,17.09,1.635
mxf8 e4m3,mma.kind::mxf8f6f4.block_scale.1X.m16n8k32.e4m3.ue8m0,TFLOP/s,QMMA.SF.16832.F32.E4M3.E4M3.E8,4,1,4,171695,1.9914,1.9905,1.9916,135.61,2502,36.0,1129.2,29.02,3.767
mxf8 e4m3,mma.kind::mxf8f6f4.block_scale.1X.m16n8k32.e4m3.ue8m0,TFLOP/s,QMMA.SF.16832.F32.E4M3.E4M3.E8,4,2,8,143420,2.01,2.0091,2.014,224.45,2502,43.7,1868.9,17.53,5.136
mxf8 e4m3,mma.kind::mxf8f6f4.block_scale.1X.m16n8k32.e4m3.ue8m0,TFLOP/s,QMMA.SF.16832.F32.E4M3.E4M3.E8,4,4,16,72017,1.9997,1.9987,2.0019,226.57,2483,58.4,1901.0,17.24,3.88
mxf8 e4m3,mma.kind::mxf8f6f4.block_scale.1X.m16n8k32.e4m3.ue8m0,TFLOP/s,QMMA.SF.16832.F32.E4M3.E4M3.E8,4,8,32,36235,2.0018,2.0008,2.0039,227.76,2476,71.2,1916.4,17.1,3.199
mxf8 e4m3,mma.kind::mxf8f6f4.block_scale.1X.m16n8k32.e4m3.ue8m0,TFLOP/s,QMMA.SF.16832.F32.E4M3.E4M3.E8,8,1,8,154584,2.002,2.0008,2.0045,242.9,2483,70.7,2038.0,32.16,3.436
mxf8 e4m3,mma.kind::mxf8f6f4.block_scale.1X.m16n8k32.e4m3.ue8m0,TFLOP/s,QMMA.SF.16832.F32.E4M3.E4M3.E8,8,2,16,77598,2.0104,2.0089,2.0153,242.84,2483.0,71.5,2037.5,32.16,3.396
mxf8 e4m3,mma.kind::mxf8f6f4.block_scale.1X.m16n8k32.e4m3.ue8m0,TFLOP/s,QMMA.SF.16832.F32.E4M3.E4M3.E8,8,4,32,38742,2.0074,2.0059,2.0234,242.85,2476,72.1,2043.4,32.07,3.368
mxf8 e4m3,mma.kind::mxf8f6f4.block_scale.1X.m16n8k32.e4m3.ue8m0,TFLOP/s,QMMA.SF.16832.F32.E4M3.E4M3.E8,8,8,64,19443,2.0162,2.0141,2.0204,242.69,2476,74.7,2042.0,32.09,3.249
mxf8 e4m3,mma.kind::mxf8f6f4.block_scale.1X.m16n8k32.e4m3.ue8m0,TFLOP/s,QMMA.SF.16832.F32.E4M3.E4M3.E8,16,1,16,77484,2.0276,2.014,2.0383,240.42,2483,75.8,2017.2,64.98,3.172
mxf8 e4m3,mma.kind::mxf8f6f4.block_scale.1X.m16n8k32.e4m3.ue8m0,TFLOP/s,QMMA.SF.16832.F32.E4M3.E4M3.E8,16,2,32,38709,2.0059,2.0048,2.0124,242.82,2476,76.0,2043.1,64.15,3.195
mxf8 e4m3,mma.kind::mxf8f6f4.block_scale.1X.m16n8k32.e4m3.ue8m0,TFLOP/s,QMMA.SF.16832.F32.E4M3.E4M3.E8,16,4,64,19299,2.0009,1.9997,2.0198,242.73,2476,76.0,2042.4,64.18,3.194
mxf8 e4m3,mma.kind::mxf8f6f4.block_scale.1X.m16n8k32.e4m3.ue8m0,TFLOP/s,QMMA.SF.16832.F32.E4M3.E4M3.E8,16,8,128,9600,1.9895,1.9884,1.9925,242.86,2483,76.1,2037.7,64.32,3.191
mxf8 e4m3,mma.kind::mxf8f6f4.block_scale.1X.m16n8k32.e4m3.ue8m0,TFLOP/s,QMMA.SF.16832.F32.E4M3.E4M3.E8,32,1,32,38374,1.9914,1.9895,1.9952,242.47,2470,77.6,2045.1,128.18,3.125
mxf8 e4m3,mma.kind::mxf8f6f4.block_scale.1X.m16n8k32.e4m3.ue8m0,TFLOP/s,QMMA.SF.16832.F32.E4M3.E4M3.E8,32,2,64,19308,2.0018,1.9997,2.0047,242.74,2476,78.1,2042.4,128.35,3.108
mxf8 e4m3,mma.kind::mxf8f6f4.block_scale.1X.m16n8k32.e4m3.ue8m0,TFLOP/s,QMMA.SF.16832.F32.E4M3.E4M3.E8,32,4,128,9612,1.9925,1.9915,1.9965,242.8,2476,76.4,2042.9,128.31,3.178
mxf8 e4m3,mma.kind::mxf8f6f4.block_scale.1X.m16n8k32.e4m3.ue8m0,TFLOP/s,QMMA.SF.16832.F32.E4M3.E4M3.E8,32,8,256,4851,2.0111,2.0099,2.0162,242.81,2476,77.0,2043.0,128.31,3.153
mxf4 e2m1,mma.kind::mxf4nvf4.block_scale.2X.m16n8k64.e2m1.ue8m0,TFLOP/s,OMMA.SF.16864.F32.E2M1.E2M1.E8,1,1,1,172033,1.9946,1.9935,1.9946,67.83,2470,78.4,572.1,28.64,0.865
mxf4 e2m1,mma.kind::mxf4nvf4.block_scale.2X.m16n8k64.e2m1.ue8m0,TFLOP/s,OMMA.SF.16864.F32.E2M1.E2M1.E8,1,2,2,143813,1.9945,1.9936,1.9946,113.41,2502,55.6,944.3,17.35,2.04
mxf4 e2m1,mma.kind::mxf4nvf4.block_scale.2X.m16n8k64.e2m1.ue8m0,TFLOP/s,OMMA.SF.16864.F32.E2M1.E2M1.E8,1,4,4,72821,1.9989,1.9987,1.9997,114.6,2502,37.5,954.2,17.17,3.056
mxf4 e2m1,mma.kind::mxf4nvf4.block_scale.2X.m16n8k64.e2m1.ue8m0,TFLOP/s,OMMA.SF.16864.F32.E2M1.E2M1.E8,1,8,8,36489,1.9946,1.9936,1.9947,115.1,2502,34.1,958.4,17.1,3.375
mxf4 e2m1,mma.kind::mxf4nvf4.block_scale.2X.m16n8k64.e2m1.ue8m0,TFLOP/s,OMMA.SF.16864.F32.E2M1.E2M1.E8,4,1,4,171627,1.9904,1.9895,1.9905,271.24,2502,34.0,2258.5,29.02,7.978
mxf4 e2m1,mma.kind::mxf4nvf4.block_scale.2X.m16n8k64.e2m1.ue8m0,TFLOP/s,OMMA.SF.16864.F32.E2M1.E2M1.E8,4,2,8,143593,2.009,2.0087,2.01,449.68,2502,40.3,3744.3,17.5,11.158
mxf4 e2m1,mma.kind::mxf4nvf4.block_scale.2X.m16n8k64.e2m1.ue8m0,TFLOP/s,OMMA.SF.16864.F32.E2M1.E2M1.E8,4,4,16,72732,2.0151,2.0143,2.0162,454.15,2483,52.5,3810.5,17.2,8.65
mxf4 e2m1,mma.kind::mxf4nvf4.block_scale.2X.m16n8k64.e2m1.ue8m0,TFLOP/s,OMMA.SF.16864.F32.E2M1.E2M1.E8,4,8,32,36445,2.0098,2.0089,2.01,456.34,2483.0,61.7,3828.9,17.12,7.396
mxf4 e2m1,mma.kind::mxf4nvf4.block_scale.2X.m16n8k64.e2m1.ue8m0,TFLOP/s,OMMA.SF.16864.F32.E2M1.E2M1.E8,8,1,8,155353,2.0069,2.0059,2.007,487.02,2483,63.6,4086.3,32.08,7.658
mxf4 e2m1,mma.kind::mxf4nvf4.block_scale.2X.m16n8k64.e2m1.ue8m0,TFLOP/s,OMMA.SF.16864.F32.E2M1.E2M1.E8,8,2,16,77392,1.9988,1.9987,1.9998,487.19,2483,63.1,4087.7,32.06,7.721
mxf4 e2m1,mma.kind::mxf4nvf4.block_scale.2X.m16n8k64.e2m1.ue8m0,TFLOP/s,OMMA.SF.16864.F32.E2M1.E2M1.E8,8,4,32,38838,2.0068,2.0059,2.007,487.05,2483,63.9,4086.5,32.07,7.622
mxf4 e2m1,mma.kind::mxf4nvf4.block_scale.2X.m16n8k64.e2m1.ue8m0,TFLOP/s,OMMA.SF.16864.F32.E2M1.E2M1.E8,8,8,64,19500,2.0141,2.014,2.0152,487.29,2483,66.4,4088.6,32.06,7.339
mxf4 e2m1,mma.kind::mxf4nvf4.block_scale.2X.m16n8k64.e2m1.ue8m0,TFLOP/s,OMMA.SF.16864.F32.E2M1.E2M1.E8,16,1,16,77722,2.0148,2.0141,2.0152,485.39,2483,66.2,4072.6,64.37,7.332
mxf4 e2m1,mma.kind::mxf4nvf4.block_scale.2X.m16n8k64.e2m1.ue8m0,TFLOP/s,OMMA.SF.16864.F32.E2M1.E2M1.E8,16,2,32,38843,2.0069,2.006,2.0079,487.07,2483,64.8,4086.7,64.14,7.517
mxf4 e2m1,mma.kind::mxf4nvf4.block_scale.2X.m16n8k64.e2m1.ue8m0,TFLOP/s,OMMA.SF.16864.F32.E2M1.E2M1.E8,16,4,64,19345,1.9996,1.9986,1.9998,486.93,2483,65.3,4085.5,64.16,7.457
mxf4 e2m1,mma.kind::mxf4nvf4.block_scale.2X.m16n8k64.e2m1.ue8m0,TFLOP/s,OMMA.SF.16864.F32.E2M1.E2M1.E8,16,8,128,9708,2.0068,2.0059,2.007,486.97,2483,70.3,4085.9,64.16,6.927
mxf4 e2m1,mma.kind::mxf4nvf4.block_scale.2X.m16n8k64.e2m1.ue8m0,TFLOP/s,OMMA.SF.16864.F32.E2M1.E2M1.E8,32,1,32,38801,2.0068,2.006,2.0078,486.56,2483,70.3,4082.4,128.42,6.921
mxf4 e2m1,mma.kind::mxf4nvf4.block_scale.2X.m16n8k64.e2m1.ue8m0,TFLOP/s,OMMA.SF.16864.F32.E2M1.E2M1.E8,32,2,64,19421,2.0069,2.0066,2.0079,487.07,2489,68.9,4076.9,128.6,7.069
mxf4 e2m1,mma.kind::mxf4nvf4.block_scale.2X.m16n8k64.e2m1.ue8m0,TFLOP/s,OMMA.SF.16864.F32.E2M1.E2M1.E8,32,4,128,9654,1.9956,1.9946,1.9966,486.97,2489,69.7,4076.0,128.63,6.987
mxf4 e2m1,mma.kind::mxf4nvf4.block_scale.2X.m16n8k64.e2m1.ue8m0,TFLOP/s,OMMA.SF.16864.F32.E2M1.E2M1.E8,32,8,256,4835,1.9988,1.9984,1.9997,487.0,2483,71.1,4086.1,128.31,6.85
nvf4 e2m1,mma.kind::mxf4nvf4.block_scale.4X.m16n8k64.e2m1.ue4m3,TFLOP/s,OMMA.SF.16864.F32.E2M1.E2M1.UE4M3.4X,1,1,1,172033,1.9944,1.9935,1.9946,67.83,2483,70.8,569.1,28.79,0.958
nvf4 e2m1,mma.kind::mxf4nvf4.block_scale.4X.m16n8k64.e2m1.ue4m3,TFLOP/s,OMMA.SF.16864.F32.E2M1.E2M1.UE4M3.4X,1,2,2,143813,1.9944,1.9936,1.9946,113.41,2502,55.9,944.3,17.35,2.029
nvf4 e2m1,mma.kind::mxf4nvf4.block_scale.4X.m16n8k64.e2m1.ue4m3,TFLOP/s,OMMA.SF.16864.F32.E2M1.E2M1.UE4M3.4X,1,4,4,72809,1.9996,1.9987,1.9997,114.54,2502,37.0,953.7,17.18,3.096
nvf4 e2m1,mma.kind::mxf4nvf4.block_scale.4X.m16n8k64.e2m1.ue4m3,TFLOP/s,OMMA.SF.16864.F32.E2M1.E2M1.UE4M3.4X,1,8,8,36530,1.9966,1.9956,1.9967,115.11,2502,34.0,958.5,17.09,3.386
nvf4 e2m1,mma.kind::mxf4nvf4.block_scale.4X.m16n8k64.e2m1.ue4m3,TFLOP/s,OMMA.SF.16864.F32.E2M1.E2M1.UE4M3.4X,4,1,4,171605,1.9914,1.9895,2.0057,271.08,2502,35.1,2257.2,29.03,7.723
nvf4 e2m1,mma.kind::mxf4nvf4.block_scale.4X.m16n8k64.e2m1.ue4m3,TFLOP/s,OMMA.SF.16864.F32.E2M1.E2M1.UE4M3.4X,4,2,8,143499,2.0089,2.0079,2.0091,449.41,2496,40.5,3751.1,17.47,11.097
nvf4 e2m1,mma.kind::mxf4nvf4.block_scale.4X.m16n8k64.e2m1.ue4m3,TFLOP/s,OMMA.SF.16864.F32.E2M1.E2M1.UE4M3.4X,4,4,16,72427,2.0071,2.0068,2.0079,454.06,2489,52.5,3800.6,17.24,8.649
nvf4 e2m1,mma.kind::mxf4nvf4.block_scale.4X.m16n8k64.e2m1.ue4m3,TFLOP/s,OMMA.SF.16864.F32.E2M1.E2M1.UE4M3.4X,4,8,32,36421,2.0089,2.008,2.0099,456.25,2489,63.1,3818.9,17.16,7.231
nvf4 e2m1,mma.kind::mxf4nvf4.block_scale.4X.m16n8k64.e2m1.ue4m3,TFLOP/s,OMMA.SF.16864.F32.E2M1.E2M1.UE4M3.4X,8,1,8,155335,2.0073,2.0068,2.0079,486.87,2483,66.6,4085.0,32.09,7.31
nvf4 e2m1,mma.kind::mxf4nvf4.block_scale.4X.m16n8k64.e2m1.ue4m3,TFLOP/s,OMMA.SF.16864.F32.E2M1.E2M1.UE4M3.4X,8,2,16,77433,2.0017,2.0007,2.0026,486.75,2483,68.1,4084.0,32.09,7.148
nvf4 e2m1,mma.kind::mxf4nvf4.block_scale.4X.m16n8k64.e2m1.ue4m3,TFLOP/s,OMMA.SF.16864.F32.E2M1.E2M1.UE4M3.4X,8,4,32,38514,1.9912,1.9905,1.9916,486.75,2483,69.0,4084.0,32.09,7.054
nvf4 e2m1,mma.kind::mxf4nvf4.block_scale.4X.m16n8k64.e2m1.ue4m3,TFLOP/s,OMMA.SF.16864.F32.E2M1.E2M1.UE4M3.4X,8,8,64,19338,1.9996,1.9987,1.9998,486.75,2483,69.0,4084.0,32.09,7.054
nvf4 e2m1,mma.kind::mxf4nvf4.block_scale.4X.m16n8k64.e2m1.ue4m3,TFLOP/s,OMMA.SF.16864.F32.E2M1.E2M1.UE4M3.4X,16,1,16,77042,1.9987,1.9977,1.9992,485.03,2483,68.7,4069.6,64.42,7.06
nvf4 e2m1,mma.kind::mxf4nvf4.block_scale.4X.m16n8k64.e2m1.ue4m3,TFLOP/s,OMMA.SF.16864.F32.E2M1.E2M1.UE4M3.4X,16,2,32,38829,2.0079,2.0068,2.0089,486.67,2483,69.1,4083.4,64.2,7.043
nvf4 e2m1,mma.kind::mxf4nvf4.block_scale.4X.m16n8k64.e2m1.ue4m3,TFLOP/s,OMMA.SF.16864.F32.E2M1.E2M1.UE4M3.4X,16,4,64,19335,1.9988,1.9987,2.0002,486.86,2476,67.6,4096.5,63.99,7.202
nvf4 e2m1,mma.kind::mxf4nvf4.block_scale.4X.m16n8k64.e2m1.ue4m3,TFLOP/s,OMMA.SF.16864.F32.E2M1.E2M1.UE4M3.4X,16,8,128,9708,2.0078,2.0069,2.008,486.72,2483,69.4,4083.8,64.19,7.013
nvf4 e2m1,mma.kind::mxf4nvf4.block_scale.4X.m16n8k64.e2m1.ue4m3,TFLOP/s,OMMA.SF.16864.F32.E2M1.E2M1.UE4M3.4X,32,1,32,38797,2.0079,2.0069,2.0089,486.26,2483,68.6,4079.9,128.51,7.088
nvf4 e2m1,mma.kind::mxf4nvf4.block_scale.4X.m16n8k64.e2m1.ue4m3,TFLOP/s,OMMA.SF.16864.F32.E2M1.E2M1.UE4M3.4X,32,2,64,19476,2.014,2.013,2.0143,486.73,2483,69.7,4083.9,128.38,6.983
nvf4 e2m1,mma.kind::mxf4nvf4.block_scale.4X.m16n8k64.e2m1.ue4m3,TFLOP/s,OMMA.SF.16864.F32.E2M1.E2M1.UE4M3.4X,32,4,128,9627,1.9915,1.9905,1.994,486.61,2483,69.7,4082.8,128.41,6.981
nvf4 e2m1,mma.kind::mxf4nvf4.block_scale.4X.m16n8k64.e2m1.ue4m3,TFLOP/s,OMMA.SF.16864.F32.E2M1.E2M1.UE4M3.4X,32,8,256,4833,1.9988,1.9986,1.9998,486.81,2483,71.9,4084.5,128.36,6.771
